gk_name,team,match_id,minute,period,pass_type,pass_length,is_long,is_short,is_complete,pass_outcome,start_x,start_y,end_x,end_y,pass_height,pass_body_part
Diogo Meireles Costa,Portugal,3930166,1,1,Goal Kick,33.6,1,0,1,Complete,5.8,37.6,17.1,6.0,Ground Pass,Right Foot
Jindřich Staněk,Czech Republic,3930166,2,1,Goal Kick,62.3,1,0,1,Complete,5.7,38.1,67.8,32.9,High Pass,Right Foot
Jindřich Staněk,Czech Republic,3930166,8,1,Goal Kick,71.1,1,0,1,Complete,6.0,35.7,73.0,11.8,High Pass,Right Foot
Diogo Meireles Costa,Portugal,3930166,10,1,Goal Kick,17.3,0,1,1,Complete,4.7,42.8,15.2,56.5,Ground Pass,Right Foot
Jindřich Staněk,Czech Republic,3930166,14,1,Goal Kick,11.2,0,1,1,Complete,6.0,36.9,7.7,25.8,Ground Pass,Right Foot
Jindřich Staněk,Czech Republic,3930166,16,1,Goal Kick,70.0,1,0,0,Incomplete,6.0,38.4,71.3,13.1,High Pass,Right Foot
Jindřich Staněk,Czech Republic,3930166,29,1,Goal Kick,31.6,0,1,1,Complete,2.4,33.7,11.6,3.5,Ground Pass,Right Foot
Jindřich Staněk,Czech Republic,3930166,34,1,Goal Kick,67.2,1,0,0,Incomplete,2.5,40.3,68.7,51.9,High Pass,Right Foot
Jindřich Staněk,Czech Republic,3930166,43,1,Goal Kick,71.5,1,0,0,Incomplete,6.0,45.2,75.3,63.0,High Pass,Right Foot
Jindřich Staněk,Czech Republic,3930166,46,2,Goal Kick,70.7,1,0,1,Complete,7.0,46.6,75.4,64.6,High Pass,Right Foot
Jindřich Staněk,Czech Republic,3930166,48,2,Goal Kick,70.7,1,0,0,Incomplete,7.0,46.6,77.6,49.7,High Pass,Right Foot
Diogo Meireles Costa,Portugal,3930166,50,2,Goal Kick,73.4,1,0,0,Incomplete,6.0,40.4,78.9,31.7,High Pass,Right Foot
Jindřich Staněk,Czech Republic,3930166,51,2,Goal Kick,62.7,1,0,0,Incomplete,7.0,36.9,69.4,31.0,High Pass,Right Foot
Jindřich Staněk,Czech Republic,3930166,61,2,Goal Kick,70.1,1,0,0,Incomplete,7.0,37.3,76.6,28.8,High Pass,Right Foot
Jindřich Staněk,Czech Republic,3930166,65,2,Goal Kick,66.5,1,0,0,Incomplete,7.0,42.4,69.1,66.1,High Pass,Right Foot
Diogo Meireles Costa,Portugal,3930166,81,2,Goal Kick,16.6,0,1,1,Complete,6.0,38.2,12.7,53.4,Ground Pass,Right Foot
Jindřich Staněk,Czech Republic,3930166,83,2,Goal Kick,70.4,1,0,1,Complete,7.0,34.3,77.4,34.7,High Pass,Right Foot
Jindřich Staněk,Czech Republic,3930166,89,2,Goal Kick,64.4,1,0,0,Incomplete,7.0,47.6,69.1,64.6,High Pass,Right Foot
Diogo Meireles Costa,Portugal,3930166,90,2,Goal Kick,30.9,0,1,1,Complete,6.0,35.0,31.3,17.3,Ground Pass,Right Foot
Péter Gulácsi,Hungary,3930159,37,1,Goal Kick,11.3,0,1,1,Complete,6.0,40.2,9.8,29.6,Ground Pass,Right Foot
Yann Sommer,Switzerland,3930159,46,1,Goal Kick,49.7,1,0,0,Unknown,7.0,42.9,56.5,47.2,High Pass,Right Foot
Péter Gulácsi,Hungary,3930159,58,2,Goal Kick,8.1,0,1,1,Complete,7.0,34.5,7.8,42.6,Ground Pass,Right Foot
Yann Sommer,Switzerland,3930159,63,2,Goal Kick,22.3,0,1,1,Complete,6.0,41.6,10.6,19.8,Ground Pass,Right Foot
Péter Gulácsi,Hungary,3930159,82,2,Goal Kick,10.2,0,1,1,Complete,6.7,36.1,5.8,25.9,Ground Pass,Right Foot
Predrag Rajković,Serbia,3930163,18,1,Goal Kick,15.8,0,1,1,Complete,4.9,41.1,14.6,28.6,Ground Pass,Right Foot
Jordan Pickford,England,3930163,20,1,Goal Kick,85.6,1,0,1,Complete,7.0,44.6,92.0,54.6,High Pass,Right Foot
Predrag Rajković,Serbia,3930163,21,1,Goal Kick,24.3,0,1,1,Complete,4.5,42.1,17.0,21.3,Ground Pass,Right Foot
Predrag Rajković,Serbia,3930163,24,1,Goal Kick,22.2,0,1,1,Complete,4.9,45.1,5.2,22.9,Ground Pass,Right Foot
Jordan Pickford,England,3930163,45,1,Goal Kick,66.2,1,0,1,Complete,7.0,44.8,73.1,48.9,High Pass,Left Foot
Jordan Pickford,England,3930163,54,2,Goal Kick,66.9,1,0,0,Incomplete,6.0,45.3,72.5,52.8,High Pass,Left Foot
Jordan Pickford,England,3930163,70,2,Goal Kick,76.2,1,0,1,Complete,6.0,43.2,80.8,28.6,High Pass,Left Foot
Predrag Rajković,Serbia,3930163,76,2,Goal Kick,40.3,1,0,1,Complete,5.9,36.7,36.1,10.0,Ground Pass,Right Foot
Jordan Pickford,England,3930163,88,2,Goal Kick,70.2,1,0,1,Complete,6.0,46.8,75.8,54.7,High Pass,Left Foot
Jan Oblak,Slovenia,3930181,2,1,Goal Kick,60.7,1,0,1,Complete,6.0,44.9,66.7,46.8,High Pass,Right Foot
Jordan Pickford,England,3930181,2,1,Goal Kick,80.3,1,0,0,Incomplete,7.0,46.0,86.0,60.4,High Pass,Right Foot
Jordan Pickford,England,3930181,15,1,Goal Kick,20.2,0,1,1,Complete,7.0,34.4,26.5,29.2,Ground Pass,Right Foot
Jordan Pickford,England,3930181,18,1,Goal Kick,12.5,0,1,1,Complete,7.0,35.4,12.0,23.9,Ground Pass,Right Foot
Jordan Pickford,England,3930181,21,1,Goal Kick,70.9,1,0,0,Incomplete,7.0,47.8,77.4,56.6,High Pass,Left Foot
Jan Oblak,Slovenia,3930181,26,1,Goal Kick,53.5,1,0,0,Incomplete,5.4,38.7,56.1,21.6,High Pass,Right Foot
Jan Oblak,Slovenia,3930181,39,1,Goal Kick,85.2,1,0,0,Incomplete,6.0,41.0,90.5,52.2,High Pass,Right Foot
Jan Oblak,Slovenia,3930181,40,1,Goal Kick,7.1,0,1,1,Complete,6.0,46.0,10.8,51.2,Ground Pass,Left Foot
Jan Oblak,Slovenia,3930181,50,2,Goal Kick,59.4,1,0,0,Incomplete,6.5,42.2,61.0,65.8,High Pass,Right Foot
Jan Oblak,Slovenia,3930181,53,2,Goal Kick,65.2,1,0,0,Incomplete,5.7,40.6,68.0,59.8,High Pass,Right Foot
Jan Oblak,Slovenia,3930181,53,2,Goal Kick,36.2,1,0,1,Complete,7.0,44.1,38.5,62.0,Ground Pass,Right Foot
Jan Oblak,Slovenia,3930181,60,2,Goal Kick,7.1,0,1,1,Complete,6.8,41.4,7.2,48.5,Ground Pass,Left Foot
Jordan Pickford,England,3930181,63,2,Goal Kick,16.0,0,1,1,Complete,6.0,38.9,12.5,24.3,Ground Pass,Right Foot
Jan Oblak,Slovenia,3930181,65,2,Goal Kick,56.8,1,0,0,Incomplete,6.9,41.6,59.9,62.0,High Pass,Right Foot
Jan Oblak,Slovenia,3930181,75,2,Goal Kick,26.7,0,1,1,Complete,4.4,39.2,19.7,17.3,Ground Pass,Right Foot
Jan Oblak,Slovenia,3930181,93,2,Goal Kick,67.5,1,0,0,Incomplete,7.0,48.2,74.5,46.0,High Pass,Right Foot
Gianluigi Donnarumma,Italy,3930178,3,1,Goal Kick,21.5,0,1,1,Complete,6.0,34.3,15.4,53.6,Ground Pass,Right Foot
Dominik Livaković,Croatia,3930178,10,1,Goal Kick,17.1,0,1,1,Complete,7.0,45.8,19.3,57.7,Ground Pass,Right Foot
Gianluigi Donnarumma,Italy,3930178,37,1,Goal Kick,29.5,0,1,1,Complete,5.6,35.9,22.9,59.8,Ground Pass,Right Foot
Gianluigi Donnarumma,Italy,3930178,45,1,Goal Kick,63.9,1,0,0,Unknown,3.7,33.1,65.1,15.5,High Pass,Right Foot
Dominik Livaković,Croatia,3930178,61,2,Goal Kick,76.2,1,0,0,Incomplete,5.4,34.4,81.4,40.1,High Pass,Right Foot
Dominik Livaković,Croatia,3930178,87,2,Goal Kick,82.3,1,0,0,Out,5.2,40.6,76.8,0.1,High Pass,Right Foot
Gianluigi Donnarumma,Italy,3930178,89,2,Goal Kick,8.4,0,1,1,Complete,5.4,38.5,13.4,35.9,Ground Pass,Right Foot
Gianluigi Donnarumma,Italy,3930178,95,2,Goal Kick,2.7,0,1,1,Complete,4.8,48.3,7.4,47.7,Ground Pass,Right Foot
Dominik Livaković,Croatia,3930160,6,1,Goal Kick,17.3,0,1,1,Complete,7.0,44.3,5.1,27.1,Ground Pass,Right Foot
Dominik Livaković,Croatia,3930160,10,1,Goal Kick,66.2,1,0,1,Complete,7.0,41.6,63.8,75.7,High Pass,Right Foot
Dominik Livaković,Croatia,3930160,11,1,Goal Kick,11.3,0,1,1,Complete,7.0,42.5,5.8,31.3,Ground Pass,Right Foot
Unai Simón Mendibil,Spain,3930160,13,1,Goal Kick,6.0,0,1,1,Complete,6.0,38.1,5.6,32.1,Ground Pass,Right Foot
Dominik Livaković,Croatia,3930160,26,1,Goal Kick,69.3,1,0,1,Complete,7.0,43.6,70.5,71.4,High Pass,Right Foot
Unai Simón Mendibil,Spain,3930160,33,1,Goal Kick,15.1,0,1,1,Complete,6.0,40.5,10.3,55.0,Ground Pass,Right Foot
Dominik Livaković,Croatia,3930160,35,1,Goal Kick,25.2,0,1,1,Complete,7.0,43.2,22.0,22.9,Ground Pass,Right Foot
Dominik Livaković,Croatia,3930160,37,1,Goal Kick,10.9,0,1,1,Complete,7.0,41.8,5.7,31.0,Ground Pass,Right Foot
Unai Simón Mendibil,Spain,3930160,41,1,Goal Kick,98.5,1,0,0,Out,6.0,34.2,98.4,0.1,High Pass,Right Foot
Dominik Livaković,Croatia,3930160,41,1,Goal Kick,9.3,0,1,1,Complete,7.0,44.2,13.5,37.6,Ground Pass,Right Foot
Unai Simón Mendibil,Spain,3930160,44,1,Goal Kick,78.9,1,0,1,Complete,6.0,35.3,78.4,4.0,High Pass,Right Foot
Unai Simón Mendibil,Spain,3930160,46,1,Goal Kick,76.0,1,0,0,Incomplete,6.0,41.4,78.5,64.1,High Pass,Right Foot
Dominik Livaković,Croatia,3930160,45,2,Goal Kick,14.1,0,1,1,Complete,5.4,40.8,8.5,54.6,Ground Pass,Left Foot
Unai Simón Mendibil,Spain,3930160,92,2,Goal Kick,75.2,1,0,0,Incomplete,7.0,40.6,74.2,6.9,High Pass,Right Foot
Jan Oblak,Slovenia,3930170,1,1,Goal Kick,31.3,0,1,1,Complete,7.0,40.2,19.0,11.3,Ground Pass,Right Foot
Jan Oblak,Slovenia,3930170,9,1,Goal Kick,8.8,0,1,1,Complete,7.0,40.9,5.6,49.6,Ground Pass,Right Foot
Predrag Rajković,Serbia,3930170,15,1,Goal Kick,73.3,1,0,0,Incomplete,6.0,35.3,73.2,6.0,High Pass,Right Foot
Jan Oblak,Slovenia,3930170,27,1,Goal Kick,42.6,1,0,1,Complete,6.8,41.4,32.8,7.6,High Pass,Right Foot
Jan Oblak,Slovenia,3930170,31,1,Goal Kick,33.6,1,0,1,Complete,7.0,39.6,17.3,7.6,Ground Pass,Right Foot
Predrag Rajković,Serbia,3930170,37,1,Goal Kick,69.9,1,0,1,Complete,6.0,40.7,74.1,24.8,High Pass,Right Foot
Predrag Rajković,Serbia,3930170,44,1,Goal Kick,70.0,1,0,1,Complete,6.0,36.1,69.3,6.1,High Pass,Right Foot
Jan Oblak,Slovenia,3930170,45,1,Goal Kick,60.5,1,0,0,Unknown,7.0,33.0,65.7,18.4,High Pass,Right Foot
Jan Oblak,Slovenia,3930170,65,2,Goal Kick,55.0,1,0,1,Complete,6.0,32.6,59.1,18.3,High Pass,Right Foot
Jan Oblak,Slovenia,3930170,66,2,Goal Kick,41.6,1,0,1,Complete,6.0,35.5,19.2,75.0,Ground Pass,Left Foot
Predrag Rajković,Serbia,3930170,67,2,Goal Kick,71.9,1,0,0,Incomplete,6.5,42.7,77.1,29.2,High Pass,Right Foot
Jan Oblak,Slovenia,3930170,75,2,Goal Kick,7.0,0,1,1,Complete,6.0,39.6,5.8,46.6,Ground Pass,Left Foot
Jan Oblak,Slovenia,3930170,77,2,Goal Kick,88.5,1,0,0,Incomplete,6.0,33.2,94.0,23.5,High Pass,Right Foot
Predrag Rajković,Serbia,3930170,78,2,Goal Kick,13.2,0,1,1,Complete,7.0,46.7,15.8,36.8,Ground Pass,Right Foot
Jan Oblak,Slovenia,3930170,82,2,Goal Kick,61.6,1,0,0,Incomplete,6.0,32.7,67.4,27.7,High Pass,Right Foot
Łukasz Skorupski,Poland,3938643,5,1,Goal Kick,12.4,0,1,1,Complete,6.9,36.1,11.5,24.6,Ground Pass,Right Foot
Łukasz Skorupski,Poland,3938643,13,1,Goal Kick,9.2,0,1,1,Complete,7.0,37.2,16.1,38.2,Ground Pass,Right Foot
Mike Maignan,France,3938643,17,1,Goal Kick,11.3,0,1,1,Complete,5.5,49.4,15.3,55.0,Ground Pass,Right Foot
Łukasz Skorupski,Poland,3938643,19,1,Goal Kick,8.3,0,1,1,Complete,6.9,31.3,7.8,23.0,Ground Pass,Right Foot
Łukasz Skorupski,Poland,3938643,26,1,Goal Kick,17.9,0,1,1,Complete,6.7,42.7,10.7,25.3,Ground Pass,Right Foot
Łukasz Skorupski,Poland,3938643,38,1,Goal Kick,80.9,1,0,1,Complete,6.5,39.2,86.3,52.4,High Pass,Right Foot
Łukasz Skorupski,Poland,3938643,39,1,Goal Kick,78.1,1,0,0,Incomplete,7.0,34.4,85.0,30.5,High Pass,Right Foot
Łukasz Skorupski,Poland,3938643,41,1,Goal Kick,58.9,1,0,1,Complete,6.5,32.5,65.2,37.0,High Pass,Right Foot
Mike Maignan,France,3938643,43,1,Goal Kick,15.3,0,1,1,Complete,2.5,33.0,8.6,47.0,Ground Pass,Right Foot
Łukasz Skorupski,Poland,3938643,45,1,Goal Kick,78.7,1,0,0,Incomplete,7.0,34.8,85.7,37.6,High Pass,Right Foot
Łukasz Skorupski,Poland,3938643,49,2,Goal Kick,19.5,0,1,1,Complete,6.0,35.2,24.9,30.6,Ground Pass,Right Foot
Łukasz Skorupski,Poland,3938643,60,2,Goal Kick,5.1,0,1,1,Complete,6.0,34.8,10.6,32.7,Ground Pass,Right Foot
Łukasz Skorupski,Poland,3938643,63,2,Goal Kick,5.0,0,1,1,Complete,6.0,39.2,9.7,35.9,Ground Pass,Right Foot
Łukasz Skorupski,Poland,3938643,69,2,Goal Kick,12.0,0,1,1,Complete,5.9,38.3,9.4,49.8,Ground Pass,Right Foot
Mike Maignan,France,3938643,72,2,Goal Kick,81.9,1,0,0,Incomplete,7.0,45.3,88.9,47.3,High Pass,Right Foot
Łukasz Skorupski,Poland,3938643,93,2,Goal Kick,78.0,1,0,0,Incomplete,6.0,32.9,77.3,64.6,High Pass,Right Foot
Wojciech Szczęsny,Poland,3938641,3,1,Goal Kick,71.5,1,0,0,Incomplete,6.0,44.8,77.2,51.0,High Pass,Right Foot
Wojciech Szczęsny,Poland,3938641,7,1,Goal Kick,71.6,1,0,0,Incomplete,6.0,44.8,76.4,57.8,High Pass,Right Foot
Wojciech Szczęsny,Poland,3938641,32,1,Goal Kick,6.6,0,1,1,Complete,6.0,40.1,5.7,33.5,Ground Pass,Right Foot
Patrick Pentz,Austria,3938641,51,2,Goal Kick,17.0,0,1,1,Complete,3.3,35.7,13.7,49.2,Ground Pass,Right Foot
Patrick Pentz,Austria,3938641,80,2,Goal Kick,66.3,1,0,0,Unknown,3.5,42.8,69.5,36.2,High Pass,Right Foot
Wojciech Szczęsny,Poland,3938641,83,2,Goal Kick,59.8,1,0,1,Complete,3.8,35.0,45.2,78.2,High Pass,Right Foot
Wojciech Szczęsny,Poland,3938641,85,2,Goal Kick,21.5,0,1,1,Complete,6.6,44.6,26.9,51.7,Low Pass,Right Foot
Patrick Pentz,Austria,3938641,86,2,Goal Kick,62.4,1,0,0,Unknown,5.2,45.7,67.2,38.3,High Pass,Left Foot
Wojciech Szczęsny,Poland,3938641,91,2,Goal Kick,64.9,1,0,0,Incomplete,5.3,38.0,70.0,42.8,High Pass,Right Foot
Patrick Pentz,Austria,3938641,92,2,Goal Kick,72.0,1,0,0,Incomplete,5.7,46.0,75.7,62.8,High Pass,Left Foot
Wojciech Szczęsny,Poland,3938641,93,2,Goal Kick,20.9,0,1,1,Complete,5.8,35.2,12.2,55.1,Ground Pass,Right Foot
Giorgi Mamardashvili,Georgia,3938642,15,1,Goal Kick,72.0,1,0,0,Incomplete,7.0,46.0,77.2,62.2,High Pass,Left Foot
Jindřich Staněk,Czech Republic,3938642,41,1,Goal Kick,25.7,0,1,1,Complete,5.2,41.9,19.7,20.7,Ground Pass,Right Foot
Jindřich Staněk,Czech Republic,3938642,57,2,Goal Kick,17.1,0,1,1,Complete,7.0,33.1,22.8,26.5,Ground Pass,Right Foot
Giorgi Mamardashvili,Georgia,3938642,61,2,Goal Kick,73.6,1,0,0,Incomplete,6.0,46.4,78.3,60.4,High Pass,Left Foot
Giorgi Mamardashvili,Georgia,3938642,63,2,Goal Kick,67.3,1,0,0,Incomplete,6.0,46.4,71.0,63.8,High Pass,Left Foot
Giorgi Mamardashvili,Georgia,3938642,64,2,Goal Kick,69.8,1,0,0,Incomplete,6.0,45.9,73.6,63.4,High Pass,Left Foot
Jindřich Staněk,Czech Republic,3938642,70,2,Goal Kick,10.2,0,1,1,Complete,7.0,37.4,13.0,29.1,Ground Pass,Right Foot
Giorgi Mamardashvili,Georgia,3938642,72,2,Goal Kick,65.1,1,0,0,Incomplete,6.0,45.8,68.3,64.7,High Pass,Right Foot
Giorgi Mamardashvili,Georgia,3938642,73,2,Goal Kick,70.0,1,0,0,Out,6.0,44.6,66.4,80.0,High Pass,Left Foot
Jindřich Staněk,Czech Republic,3938642,75,2,Goal Kick,4.4,0,1,1,Complete,7.0,34.0,8.1,29.7,Ground Pass,Right Foot
Giorgi Mamardashvili,Georgia,3938642,79,2,Goal Kick,72.6,1,0,0,Incomplete,6.0,40.6,73.0,68.5,High Pass,Left Foot
Giorgi Mamardashvili,Georgia,3938642,86,2,Goal Kick,71.2,1,0,0,Incomplete,6.0,31.0,76.5,21.2,High Pass,Left Foot
Giorgi Mamardashvili,Georgia,3938642,89,2,Goal Kick,67.5,1,0,0,Incomplete,6.0,31.3,73.2,24.5,High Pass,Left Foot
Giorgi Mamardashvili,Georgia,3938642,90,2,Goal Kick,70.0,1,0,1,Complete,5.2,31.8,68.9,2.8,High Pass,Left Foot
Giorgi Mamardashvili,Georgia,3938639,3,1,Goal Kick,65.6,1,0,0,Incomplete,6.0,39.9,69.7,24.1,High Pass,Left Foot
Giorgi Mamardashvili,Georgia,3938639,5,1,Goal Kick,58.0,1,0,1,Complete,6.0,39.1,62.4,25.7,High Pass,Left Foot
Giorgi Mamardashvili,Georgia,3938639,9,1,Goal Kick,50.3,1,0,0,Incomplete,6.0,42.2,55.4,32.8,High Pass,Left Foot
Giorgi Mamardashvili,Georgia,3938639,10,1,Goal Kick,71.8,1,0,0,Incomplete,6.0,48.6,73.3,73.6,High Pass,Left Foot
Fehmi Mert Günok,Turkey,3938639,11,1,Goal Kick,28.9,0,1,1,Complete,7.0,45.6,35.8,43.7,Ground Pass,Right Foot
Giorgi Mamardashvili,Georgia,3938639,20,1,Goal Kick,60.0,1,0,1,Complete,6.0,37.8,53.3,74.7,High Pass,Left Foot
Fehmi Mert Günok,Turkey,3938639,35,1,Goal Kick,52.3,1,0,1,Complete,7.0,33.8,57.2,19.2,High Pass,Right Foot
Fehmi Mert Günok,Turkey,3938639,37,1,Goal Kick,13.4,0,1,1,Complete,7.0,46.6,20.2,49.1,Ground Pass,Right Foot
Giorgi Mamardashvili,Georgia,3938639,41,1,Goal Kick,71.2,1,0,0,Incomplete,5.2,44.0,75.0,58.2,High Pass,Left Foot
Fehmi Mert Günok,Turkey,3938639,62,2,Goal Kick,12.8,0,1,1,Complete,6.0,38.3,14.7,47.7,Ground Pass,Right Foot
Giorgi Mamardashvili,Georgia,3938639,63,2,Goal Kick,69.6,1,0,0,Incomplete,6.1,42.0,72.1,64.2,High Pass,Left Foot
Giorgi Mamardashvili,Georgia,3938639,87,2,Goal Kick,11.0,0,1,1,Complete,4.2,35.6,14.9,38.0,Ground Pass,Left Foot
Fehmi Mert Günok,Turkey,3938639,93,2,Goal Kick,74.1,1,0,0,Incomplete,5.6,39.9,79.7,41.4,High Pass,Right Foot
Fehmi Mert Günok,Turkey,3938639,94,2,Goal Kick,73.3,1,0,1,Complete,6.0,33.3,77.8,48.0,High Pass,Right Foot
Florin Constantin Niţă,Romania,3938638,12,1,Goal Kick,30.6,0,1,1,Complete,7.0,38.2,16.5,67.3,Ground Pass,Left Foot
Andriy Lunin,Ukraine,3938638,19,1,Goal Kick,19.7,0,1,1,Complete,6.0,36.6,20.0,50.4,Ground Pass,Right Foot
Florin Constantin Niţă,Romania,3938638,21,1,Goal Kick,16.9,0,1,1,Complete,7.0,38.8,16.9,25.1,Ground Pass,Right Foot
Andriy Lunin,Ukraine,3938638,36,1,Goal Kick,14.5,0,1,1,Complete,2.6,39.2,7.7,52.8,Ground Pass,Left Foot
Florin Constantin Niţă,Romania,3938638,40,1,Goal Kick,74.2,1,0,0,Incomplete,6.3,40.3,76.2,15.4,High Pass,Right Foot
Florin Constantin Niţă,Romania,3938638,42,1,Goal Kick,63.6,1,0,1,Complete,7.0,39.8,64.5,12.7,High Pass,Right Foot
Andriy Lunin,Ukraine,3938638,45,2,Goal Kick,23.1,0,1,1,Complete,7.0,41.8,27.8,51.8,Ground Pass,Left Foot
Florin Constantin Niţă,Romania,3938638,49,2,Goal Kick,69.8,1,0,0,Incomplete,6.0,40.0,72.3,61.9,High Pass,Right Foot
Florin Constantin Niţă,Romania,3938638,62,2,Goal Kick,72.9,1,0,1,Complete,6.0,38.5,76.6,20.5,High Pass,Right Foot
Florin Constantin Niţă,Romania,3938638,64,2,Goal Kick,67.7,1,0,1,Complete,6.0,39.0,72.0,54.2,High Pass,Right Foot
Andriy Lunin,Ukraine,3938638,67,2,Goal Kick,24.8,0,1,1,Complete,7.0,42.5,11.7,18.2,Ground Pass,Right Foot
Florin Constantin Niţă,Romania,3938638,84,2,Goal Kick,74.0,1,0,0,Incomplete,6.0,39.8,78.5,54.6,High Pass,Right Foot
Florin Constantin Niţă,Romania,3938638,86,2,Goal Kick,67.7,1,0,1,Complete,4.4,38.2,70.3,22.8,High Pass,Right Foot
Florin Constantin Niţă,Romania,3938638,87,2,Goal Kick,67.3,1,0,0,Unknown,5.5,41.5,70.7,58.1,High Pass,Right Foot
Florin Constantin Niţă,Romania,3938638,91,2,Goal Kick,72.1,1,0,0,Incomplete,5.9,43.4,78.0,44.2,High Pass,Right Foot
Anatolii Trubin,Ukraine,3938640,11,1,Goal Kick,20.0,0,1,1,Complete,7.0,46.4,21.1,60.6,Ground Pass,Right Foot
Martin Dúbravka,Slovakia,3938640,22,1,Goal Kick,19.6,0,1,1,Complete,6.0,42.8,22.8,52.8,Ground Pass,Right Foot
Martin Dúbravka,Slovakia,3938640,37,1,Goal Kick,23.3,0,1,1,Complete,6.0,42.6,27.2,52.2,Ground Pass,Right Foot
Martin Dúbravka,Slovakia,3938640,42,1,Goal Kick,80.2,1,0,0,Incomplete,6.0,43.2,85.0,56.8,High Pass,Right Foot
Anatolii Trubin,Ukraine,3938640,82,2,Goal Kick,67.2,1,0,0,Incomplete,5.7,39.5,70.1,58.8,High Pass,Right Foot
Anatolii Trubin,Ukraine,3938640,85,2,Goal Kick,71.8,1,0,1,Complete,5.9,39.5,70.1,71.6,High Pass,Right Foot
Anatolii Trubin,Ukraine,3938640,87,2,Goal Kick,67.6,1,0,0,Unknown,5.0,37.2,70.1,55.4,High Pass,Right Foot
Anatolii Trubin,Ukraine,3938640,89,2,Goal Kick,64.9,1,0,0,Incomplete,5.7,39.8,69.8,49.7,High Pass,Right Foot
Anatolii Trubin,Ukraine,3938640,95,2,Goal Kick,64.9,1,0,0,Unknown,5.8,42.5,66.8,64.7,High Pass,Right Foot
Wojciech Szczęsny,Poland,3938637,42,1,Goal Kick,70.4,1,0,0,Incomplete,6.0,32.2,75.5,21.1,High Pass,Right Foot
Wojciech Szczęsny,Poland,3938637,45,1,Goal Kick,68.5,1,0,0,Incomplete,5.4,44.5,73.5,51.5,High Pass,Right Foot
Wojciech Szczęsny,Poland,3938637,51,2,Goal Kick,35.0,1,0,1,Complete,7.0,48.4,29.0,75.6,High Pass,Left Foot
Wojciech Szczęsny,Poland,3938637,64,2,Goal Kick,9.9,0,1,1,Complete,7.0,37.8,8.2,28.0,Ground Pass,Right Foot
Wojciech Szczęsny,Poland,3938637,73,2,Goal Kick,69.8,1,0,0,Incomplete,7.0,47.9,76.0,58.7,High Pass,Right Foot
Bart Verbruggen,Netherlands,3938637,89,2,Goal Kick,83.2,1,0,0,Incomplete,6.0,44.6,89.1,48.8,High Pass,Right Foot
Bart Verbruggen,Netherlands,3938637,93,2,Goal Kick,74.4,1,0,0,Incomplete,6.0,45.9,77.2,67.6,High Pass,Right Foot
Giorgi Mamardashvili,Georgia,3938644,10,1,Goal Kick,49.3,1,0,0,Out,6.0,35.2,40.6,0.1,High Pass,Left Foot
Giorgi Mamardashvili,Georgia,3938644,18,1,Goal Kick,19.0,0,1,1,Complete,6.0,38.7,9.6,57.4,Ground Pass,Right Foot
Giorgi Mamardashvili,Georgia,3938644,20,1,Goal Kick,13.6,0,1,1,Complete,6.0,43.4,13.8,54.5,Ground Pass,Right Foot
Giorgi Mamardashvili,Georgia,3938644,28,1,Goal Kick,70.4,1,0,1,Complete,6.0,41.1,69.2,72.1,High Pass,Right Foot
Giorgi Mamardashvili,Georgia,3938644,30,1,Goal Kick,15.5,0,1,1,Complete,6.0,35.2,13.8,48.6,Ground Pass,Right Foot
Diogo Meireles Costa,Portugal,3938644,32,1,Goal Kick,27.2,0,1,1,Complete,7.0,41.2,34.2,42.0,Ground Pass,Right Foot
Diogo Meireles Costa,Portugal,3938644,35,1,Goal Kick,42.2,1,0,1,Complete,7.0,35.5,42.0,12.0,Ground Pass,Right Foot
Giorgi Mamardashvili,Georgia,3938644,43,1,Goal Kick,72.6,1,0,0,Incomplete,6.0,31.3,77.1,16.5,High Pass,Left Foot
Giorgi Mamardashvili,Georgia,3938644,47,2,Goal Kick,25.3,0,1,1,Complete,6.1,46.6,16.5,69.7,Ground Pass,Right Foot
Giorgi Mamardashvili,Georgia,3938644,66,2,Goal Kick,81.3,1,0,0,Out,6.9,46.8,81.1,80.0,High Pass,Left Foot
Diogo Meireles Costa,Portugal,3938644,71,2,Goal Kick,22.3,0,1,1,Complete,5.0,32.4,20.0,48.9,Ground Pass,Right Foot
Giorgi Mamardashvili,Georgia,3938644,79,2,Goal Kick,74.6,1,0,0,Incomplete,6.3,49.6,78.3,69.0,High Pass,Left Foot
Giorgi Mamardashvili,Georgia,3938644,83,2,Goal Kick,69.9,1,0,1,Complete,6.5,48.9,72.1,72.9,High Pass,Left Foot
Diogo Meireles Costa,Portugal,3938644,85,2,Goal Kick,23.7,0,1,1,Complete,5.8,43.4,27.0,32.7,Ground Pass,Right Foot
Giorgi Mamardashvili,Georgia,3938644,89,2,Goal Kick,67.7,1,0,0,Incomplete,6.7,46.6,74.1,53.4,High Pass,Left Foot
Giorgi Mamardashvili,Georgia,3938644,92,2,Goal Kick,72.1,1,0,0,Incomplete,6.5,33.1,78.5,36.7,High Pass,Left Foot
Koen Casteels,Belgium,3941019,6,1,Goal Kick,6.8,0,1,1,Complete,7.0,48.7,13.2,51.4,Ground Pass,Left Foot
Koen Casteels,Belgium,3941019,14,1,Goal Kick,10.8,0,1,1,Complete,7.0,31.9,13.9,23.6,Ground Pass,Right Foot
Koen Casteels,Belgium,3941019,17,1,Goal Kick,21.5,0,1,1,Complete,7.0,49.4,28.5,50.3,Ground Pass,Right Foot
Koen Casteels,Belgium,3941019,19,1,Goal Kick,5.4,0,1,1,Complete,7.0,42.6,8.7,47.7,Ground Pass,Left Foot
Mike Maignan,France,3941019,26,1,Goal Kick,14.0,0,1,1,Complete,6.0,41.1,5.7,27.1,Ground Pass,Right Foot
Koen Casteels,Belgium,3941019,31,1,Goal Kick,14.4,0,1,1,Complete,7.0,48.2,20.9,51.8,Ground Pass,Right Foot
Koen Casteels,Belgium,3941019,33,1,Goal Kick,24.7,0,1,1,Complete,7.0,48.7,31.5,51.5,Ground Pass,Right Foot
Koen Casteels,Belgium,3941019,38,1,Goal Kick,6.8,0,1,1,Complete,7.0,30.1,11.2,24.8,Ground Pass,Right Foot
Koen Casteels,Belgium,3941019,45,1,Goal Kick,72.3,1,0,1,Complete,7.0,48.1,77.1,30.5,High Pass,Right Foot
Koen Casteels,Belgium,3941019,45,2,Goal Kick,8.7,0,1,1,Complete,4.0,36.3,8.7,43.6,Ground Pass,Left Foot
Koen Casteels,Belgium,3941019,50,2,Goal Kick,5.3,0,1,1,Complete,6.0,38.8,8.3,43.6,Ground Pass,Left Foot
Koen Casteels,Belgium,3941019,53,2,Goal Kick,17.5,0,1,1,Complete,5.3,34.4,6.8,51.8,Ground Pass,Left Foot
Koen Casteels,Belgium,3941019,55,2,Goal Kick,12.6,0,1,1,Complete,5.7,34.4,12.1,23.6,Ground Pass,Right Foot
Mike Maignan,France,3941019,61,2,Goal Kick,40.0,1,0,1,Complete,7.0,33.4,45.7,23.2,Ground Pass,Right Foot
Koen Casteels,Belgium,3941019,64,2,Goal Kick,8.8,0,1,1,Complete,5.3,37.3,10.3,30.0,Ground Pass,Right Foot
Koen Casteels,Belgium,3941019,68,2,Goal Kick,8.9,0,1,1,Complete,5.7,36.1,10.6,28.7,Ground Pass,Right Foot
Koen Casteels,Belgium,3941019,74,2,Goal Kick,32.5,1,0,1,Complete,6.0,30.0,25.4,3.9,Ground Pass,Right Foot
Koen Casteels,Belgium,3941019,78,2,Goal Kick,11.0,0,1,1,Complete,5.7,36.6,12.2,27.7,Ground Pass,Right Foot
Mike Maignan,France,3941019,88,2,Goal Kick,76.8,1,0,0,Incomplete,7.0,37.7,83.3,28.9,High Pass,Right Foot
Yann Sommer,Switzerland,3942227,3,1,Goal Kick,12.2,0,1,1,Complete,7.0,44.2,9.3,32.2,Ground Pass,Right Foot
Jordan Pickford,England,3942227,10,1,Goal Kick,71.2,1,0,1,Complete,6.0,40.3,76.6,49.6,High Pass,Right Foot
Yann Sommer,Switzerland,3942227,16,1,Goal Kick,38.0,1,0,1,Complete,7.0,41.1,38.2,62.8,High Pass,Right Foot
Jordan Pickford,England,3942227,34,1,Goal Kick,55.9,1,0,1,Complete,5.1,43.2,50.1,76.3,High Pass,Left Foot
Jordan Pickford,England,3942227,38,1,Goal Kick,79.7,1,0,1,Complete,4.1,44.6,82.8,57.3,High Pass,Left Foot
Yann Sommer,Switzerland,3942227,64,2,Goal Kick,5.0,0,1,1,Complete,5.5,39.3,9.0,35.7,Ground Pass,Right Foot
Jordan Pickford,England,3942227,66,2,Goal Kick,16.5,0,1,1,Complete,6.6,43.4,8.7,59.8,Ground Pass,Left Foot
Yann Sommer,Switzerland,3942227,88,2,Goal Kick,14.1,0,1,1,Complete,6.0,41.6,15.0,30.7,Ground Pass,Right Foot
Jordan Pickford,England,3942227,90,2,Goal Kick,63.1,1,0,1,Complete,7.0,47.0,69.6,54.9,High Pass,Left Foot
Jordan Pickford,England,3942227,92,2,Goal Kick,62.9,1,0,1,Complete,7.0,46.4,69.3,55.1,High Pass,Left Foot
Jordan Pickford,England,3942227,92,3,Goal Kick,70.1,1,0,0,Incomplete,6.0,44.5,76.1,43.4,High Pass,Left Foot
Jordan Pickford,England,3942227,113,4,Goal Kick,63.0,1,0,0,Incomplete,7.0,46.6,69.0,57.5,High Pass,Left Foot
Jordan Pickford,England,3942227,119,4,Goal Kick,68.1,1,0,1,Complete,7.0,47.4,71.9,68.0,High Pass,Left Foot
Diogo Meireles Costa,Portugal,3930174,10,1,Goal Kick,23.9,0,1,1,Complete,3.9,39.2,14.5,60.6,Ground Pass,Left Foot
Altay Bayındır,Turkey,3930174,23,1,Goal Kick,26.2,0,1,1,Complete,7.0,33.6,31.4,24.1,Ground Pass,Right Foot
Altay Bayındır,Turkey,3930174,34,1,Goal Kick,11.1,0,1,1,Complete,5.2,35.5,7.7,24.7,Ground Pass,Right Foot
Diogo Meireles Costa,Portugal,3930174,63,2,Goal Kick,9.6,0,1,1,Complete,6.3,40.4,5.2,49.9,Ground Pass,Left Foot
Diogo Meireles Costa,Portugal,3930174,91,2,Goal Kick,7.1,0,1,1,Complete,7.0,33.2,12.0,28.1,Ground Pass,Right Foot
Altay Bayındır,Turkey,3930174,94,2,Goal Kick,4.8,0,1,1,Complete,3.0,45.4,5.1,49.7,Ground Pass,Right Foot
Kasper Schmeichel,Denmark,3930162,7,1,Goal Kick,80.2,1,0,0,Incomplete,7.0,41.4,87.2,42.2,High Pass,Right Foot
Jan Oblak,Slovenia,3930162,10,1,Goal Kick,34.5,1,0,1,Complete,5.7,41.3,23.7,70.7,Ground Pass,Right Foot
Jan Oblak,Slovenia,3930162,13,1,Goal Kick,32.1,1,0,1,Complete,6.0,34.2,21.5,6.1,Ground Pass,Right Foot
Kasper Schmeichel,Denmark,3930162,16,1,Goal Kick,35.6,1,0,1,Complete,7.0,47.9,42.2,53.4,High Pass,Right Foot
Jan Oblak,Slovenia,3930162,28,1,Goal Kick,69.0,1,0,0,Incomplete,5.6,33.5,69.4,7.2,High Pass,Right Foot
Jan Oblak,Slovenia,3930162,43,1,Goal Kick,71.8,1,0,0,Unknown,6.0,43.1,73.0,17.3,High Pass,Left Foot
Kasper Schmeichel,Denmark,3930162,52,2,Goal Kick,39.8,1,0,1,Complete,6.0,36.1,26.6,2.1,Ground Pass,Right Foot
Kasper Schmeichel,Denmark,3930162,74,2,Goal Kick,69.2,1,0,1,Complete,6.0,40.3,64.0,2.5,High Pass,Right Foot
Jan Oblak,Slovenia,3930162,83,2,Goal Kick,40.7,1,0,1,Complete,6.9,42.1,27.5,77.2,Ground Pass,Right Foot
Kasper Schmeichel,Denmark,3930162,87,2,Goal Kick,9.8,0,1,1,Complete,3.6,38.9,4.4,48.7,Ground Pass,Right Foot
Kasper Schmeichel,Denmark,3930162,90,2,Goal Kick,21.7,0,1,1,Complete,6.0,38.0,25.7,28.9,Ground Pass,Right Foot
Jan Oblak,Slovenia,3930162,91,2,Goal Kick,66.8,1,0,0,Incomplete,7.0,33.5,68.9,8.4,High Pass,Right Foot
Jan Oblak,Slovenia,3930162,92,2,Goal Kick,65.8,1,0,0,Incomplete,7.0,34.5,72.4,27.6,High Pass,Right Foot
Kasper Schmeichel,Denmark,3930162,94,2,Goal Kick,87.9,1,0,0,Incomplete,6.0,38.5,93.0,26.0,High Pass,Right Foot
Yann Sommer,Switzerland,3930176,26,1,Goal Kick,36.5,1,0,1,Complete,5.6,38.3,20.9,5.2,Ground Pass,Left Foot
Manuel Neuer,Germany,3930176,30,1,Goal Kick,39.5,1,0,1,Complete,6.5,44.6,26.7,78.5,Ground Pass,Right Foot
Yann Sommer,Switzerland,3930176,41,1,Goal Kick,76.4,1,0,0,Incomplete,5.6,42.0,77.5,67.8,High Pass,Right Foot
Yann Sommer,Switzerland,3930176,43,1,Goal Kick,64.4,1,0,1,Complete,5.6,42.2,63.4,70.5,High Pass,Right Foot
Yann Sommer,Switzerland,3930176,45,1,Goal Kick,77.1,1,0,0,Incomplete,5.0,44.7,77.3,71.4,High Pass,Right Foot
Manuel Neuer,Germany,3930176,48,2,Goal Kick,9.9,0,1,1,Complete,6.0,44.8,13.2,51.6,Ground Pass,Right Foot
Yann Sommer,Switzerland,3930176,50,2,Goal Kick,26.3,0,1,1,Complete,4.2,38.8,10.6,64.3,Ground Pass,Right Foot
Yann Sommer,Switzerland,3930176,63,2,Goal Kick,69.9,1,0,0,Incomplete,7.0,50.1,75.5,64.0,High Pass,Right Foot
Yann Sommer,Switzerland,3930176,81,2,Goal Kick,29.2,0,1,1,Complete,7.0,44.4,13.2,72.9,Ground Pass,Right Foot
Yann Sommer,Switzerland,3930176,85,2,Goal Kick,82.6,1,0,0,Incomplete,6.0,44.9,87.8,56.7,High Pass,Right Foot
Yann Sommer,Switzerland,3930176,86,2,Goal Kick,63.8,1,0,0,Unknown,7.0,46.0,68.2,63.9,High Pass,Left Foot
Yann Sommer,Switzerland,3930176,89,2,Goal Kick,77.1,1,0,0,Incomplete,7.0,44.9,81.1,66.3,High Pass,Right Foot
Angus Gunn,Scotland,3930169,28,1,Goal Kick,72.2,1,0,1,Complete,5.6,33.3,70.9,2.4,High Pass,Right Foot
Angus Gunn,Scotland,3930169,60,2,Goal Kick,67.3,1,0,0,Incomplete,7.0,46.0,71.4,65.7,High Pass,Right Foot
Angus Gunn,Scotland,3930169,64,2,Goal Kick,69.9,1,0,0,Incomplete,7.0,45.2,73.9,65.4,High Pass,Right Foot
Angus Gunn,Scotland,3930169,78,2,Goal Kick,83.3,1,0,0,Incomplete,7.0,47.0,85.6,74.7,High Pass,Right Foot
Angus Gunn,Scotland,3930169,80,2,Goal Kick,63.2,1,0,1,Complete,6.7,47.2,68.7,59.3,High Pass,Right Foot
Angus Gunn,Scotland,3930169,83,2,Goal Kick,69.9,1,0,0,Incomplete,7.0,48.5,72.5,72.9,High Pass,Right Foot
Angus Gunn,Scotland,3930169,90,2,Goal Kick,86.6,1,0,0,Incomplete,7.0,46.8,91.4,66.1,High Pass,Right Foot
Yann Sommer,Switzerland,3930169,91,2,Goal Kick,57.8,1,0,0,Incomplete,6.0,32.7,63.3,24.9,High Pass,Right Foot
Jordan Pickford,England,3942819,29,1,Goal Kick,16.4,0,1,1,Complete,2.1,38.9,4.3,55.2,Ground Pass,Left Foot
Jordan Pickford,England,3942819,48,1,Goal Kick,52.0,1,0,0,Unknown,5.2,45.3,56.1,55.9,High Pass,Left Foot
Jordan Pickford,England,3942819,65,2,Goal Kick,70.6,1,0,1,Complete,5.8,37.2,75.9,28.7,High Pass,Left Foot
Jordan Pickford,England,3942819,86,2,Goal Kick,67.6,1,0,0,Incomplete,7.0,36.5,74.1,28.6,High Pass,Left Foot
Bart Verbruggen,Netherlands,3942819,88,2,Goal Kick,59.5,1,0,1,Complete,6.0,46.8,65.2,52.3,High Pass,Right Foot
Unai Simón Mendibil,Spain,3943043,0,1,Goal Kick,17.7,0,1,1,Complete,6.9,39.6,9.1,57.2,Ground Pass,Left Foot
Jordan Pickford,England,3943043,13,1,Goal Kick,103.6,1,0,0,Incomplete,6.0,42.4,109.4,36.8,High Pass,Left Foot
Jordan Pickford,England,3943043,36,1,Goal Kick,67.8,1,0,1,Complete,6.0,44.8,65.2,77.8,High Pass,Left Foot
Jordan Pickford,England,3943043,38,1,Goal Kick,11.8,0,1,1,Complete,4.0,45.4,15.6,43.0,Ground Pass,Left Foot
Jordan Pickford,England,3943043,43,1,Goal Kick,75.0,1,0,1,Complete,6.0,43.8,79.6,58.2,High Pass,Left Foot
Jordan Pickford,England,3943043,46,1,Goal Kick,87.5,1,0,0,Incomplete,6.0,42.8,87.4,75.0,High Pass,Left Foot
Jordan Pickford,England,3943043,48,2,Goal Kick,14.9,0,1,1,Complete,5.8,45.8,7.2,60.6,Ground Pass,Left Foot
Unai Simón Mendibil,Spain,3943043,50,2,Goal Kick,19.0,0,1,1,Complete,5.4,39.5,5.9,58.5,Ground Pass,Right Foot
Jordan Pickford,England,3943043,55,2,Goal Kick,50.7,1,0,1,Complete,6.7,43.5,50.9,68.4,High Pass,Left Foot
Jordan Pickford,England,3943043,67,2,Goal Kick,37.5,1,0,1,Complete,4.7,41.8,21.9,75.1,Ground Pass,Left Foot
Jordan Pickford,England,3943043,69,2,Goal Kick,79.9,1,0,0,Incomplete,6.7,40.9,85.8,29.3,High Pass,Left Foot
Unai Simón Mendibil,Spain,3943043,75,2,Goal Kick,13.3,0,1,1,Complete,5.0,35.0,15.3,26.6,Ground Pass,Right Foot
Jordan Pickford,England,3943043,79,2,Goal Kick,62.8,1,0,0,Incomplete,7.0,41.0,69.8,41.8,High Pass,Left Foot
Unai Simón Mendibil,Spain,3943043,89,2,Goal Kick,74.5,1,0,0,Out,5.4,43.8,70.9,79.4,High Pass,Right Foot
Jordan Pickford,England,3943043,90,2,Goal Kick,73.6,1,0,0,Incomplete,7.0,45.2,80.1,54.1,High Pass,Left Foot
Unai Simón Mendibil,Spain,3942752,19,1,Goal Kick,15.7,0,1,1,Complete,6.0,42.2,17.8,52.5,Ground Pass,Right Foot
Mike Maignan,France,3942752,23,1,Goal Kick,19.7,0,1,0,Incomplete,7.0,35.7,22.2,48.2,High Pass,Right Foot
Unai Simón Mendibil,Spain,3942752,26,1,Goal Kick,11.2,0,1,1,Complete,6.0,34.9,15.9,29.7,Ground Pass,Right Foot
Unai Simón Mendibil,Spain,3942752,28,1,Goal Kick,21.3,0,1,1,Complete,6.0,36.3,22.5,22.8,Ground Pass,Right Foot
Unai Simón Mendibil,Spain,3942752,62,2,Goal Kick,31.1,0,1,1,Complete,7.0,40.5,31.5,21.4,Ground Pass,Left Foot
Unai Simón Mendibil,Spain,3942752,65,2,Goal Kick,21.4,0,1,1,Complete,6.5,40.7,18.6,23.1,Ground Pass,Right Foot
Unai Simón Mendibil,Spain,3942752,66,2,Goal Kick,14.7,0,1,1,Complete,7.0,43.8,8.9,58.4,Ground Pass,Right Foot
Unai Simón Mendibil,Spain,3942752,77,2,Goal Kick,76.2,1,0,1,Complete,7.0,34.6,78.8,9.2,High Pass,Right Foot
Mike Maignan,France,3942752,85,2,Goal Kick,16.1,0,1,1,Complete,6.0,36.4,7.3,20.4,Ground Pass,Right Foot
Unai Simón Mendibil,Spain,3942752,86,2,Goal Kick,73.3,1,0,0,Out,6.3,46.4,71.5,80.0,High Pass,Right Foot
Unai Simón Mendibil,Spain,3942752,91,2,Goal Kick,71.3,1,0,0,Incomplete,7.0,42.7,75.8,61.3,High Pass,Right Foot
Unai Simón Mendibil,Spain,3942752,95,2,Goal Kick,75.9,1,0,0,Incomplete,7.0,40.7,74.0,5.1,High Pass,Right Foot
Fehmi Mert Günok,Turkey,3942382,1,1,Goal Kick,51.8,1,0,0,Incomplete,5.4,45.9,55.2,31.5,High Pass,Right Foot
Fehmi Mert Günok,Turkey,3942382,12,1,Goal Kick,59.7,1,0,0,Incomplete,5.8,33.8,65.2,28.0,High Pass,Right Foot
Bart Verbruggen,Netherlands,3942382,28,1,Goal Kick,27.0,0,1,1,Complete,5.5,33.6,13.6,59.4,Ground Pass,Right Foot
Bart Verbruggen,Netherlands,3942382,31,1,Goal Kick,9.8,0,1,1,Complete,5.9,46.0,14.3,51.0,Ground Pass,Right Foot
Fehmi Mert Günok,Turkey,3942382,42,1,Goal Kick,75.3,1,0,0,Incomplete,6.0,43.0,77.9,65.5,High Pass,Right Foot
Bart Verbruggen,Netherlands,3942382,47,2,Goal Kick,16.6,0,1,1,Complete,6.0,38.2,13.7,23.5,Ground Pass,Right Foot
Fehmi Mert Günok,Turkey,3942382,53,2,Goal Kick,63.0,1,0,1,Complete,7.0,39.7,68.7,52.6,High Pass,Right Foot
Bart Verbruggen,Netherlands,3942382,55,2,Goal Kick,18.5,0,1,1,Complete,6.0,30.3,19.5,17.7,Ground Pass,Right Foot
Fehmi Mert Günok,Turkey,3942382,56,2,Goal Kick,14.3,0,1,1,Complete,7.0,46.8,10.3,60.7,Ground Pass,Left Foot
Fehmi Mert Günok,Turkey,3942382,60,2,Goal Kick,18.8,0,1,1,Complete,6.9,37.6,7.7,56.4,Ground Pass,Right Foot
Bart Verbruggen,Netherlands,3942382,84,2,Goal Kick,67.2,1,0,0,Unknown,6.0,32.4,70.9,14.9,High Pass,Right Foot
Bart Verbruggen,Netherlands,3942382,88,2,Goal Kick,81.6,1,0,0,Incomplete,6.0,32.4,84.6,10.6,High Pass,Right Foot
Bart Verbruggen,Netherlands,3942382,90,2,Goal Kick,101.8,1,0,0,Incomplete,6.0,42.5,105.9,62.0,High Pass,Right Foot
Bart Verbruggen,Netherlands,3942382,92,2,Goal Kick,71.1,1,0,1,Complete,6.0,31.4,76.4,21.1,High Pass,Right Foot
Mike Maignan,France,3942349,11,1,Goal Kick,23.4,0,1,1,Complete,5.5,36.2,28.5,32.0,Ground Pass,Right Foot
Diogo Meireles Costa,Portugal,3942349,12,1,Goal Kick,12.6,0,1,1,Complete,6.3,42.0,6.1,29.4,Ground Pass,Right Foot
Diogo Meireles Costa,Portugal,3942349,22,1,Goal Kick,42.0,1,0,1,Complete,7.0,33.3,37.0,3.9,High Pass,Left Foot
Diogo Meireles Costa,Portugal,3942349,28,1,Goal Kick,36.5,1,0,1,Complete,7.0,50.1,33.5,75.2,Ground Pass,Left Foot
Diogo Meireles Costa,Portugal,3942349,37,1,Goal Kick,14.7,0,1,1,Complete,5.8,42.0,10.7,28.1,Ground Pass,Right Foot
Mike Maignan,France,3942349,41,1,Goal Kick,17.8,0,1,1,Complete,6.0,38.1,7.6,20.4,Ground Pass,Right Foot
Mike Maignan,France,3942349,49,2,Goal Kick,28.9,0,1,1,Complete,6.5,44.5,32.9,56.2,Ground Pass,Right Foot
Mike Maignan,France,3942349,60,2,Goal Kick,16.2,0,1,1,Complete,7.0,38.4,13.6,23.6,Ground Pass,Right Foot
Diogo Meireles Costa,Portugal,3942349,62,2,Goal Kick,27.8,0,1,1,Complete,5.8,39.8,25.7,20.4,Ground Pass,Left Foot
Diogo Meireles Costa,Portugal,3942349,70,2,Goal Kick,40.6,1,0,1,Complete,5.1,38.9,28.5,5.7,Ground Pass,Left Foot
Diogo Meireles Costa,Portugal,3942349,74,2,Goal Kick,21.0,0,1,1,Complete,5.8,37.8,22.7,25.4,Ground Pass,Left Foot
Diogo Meireles Costa,Portugal,3942349,91,2,Goal Kick,17.1,0,1,1,Complete,4.9,39.1,14.0,53.6,Ground Pass,Left Foot
Mike Maignan,France,3942349,93,3,Goal Kick,12.0,0,1,1,Complete,4.5,41.2,7.1,52.9,Ground Pass,Right Foot
Diogo Meireles Costa,Portugal,3942349,97,3,Goal Kick,42.1,1,0,1,Complete,7.0,43.8,35.5,74.8,Low Pass,Left Foot
Mike Maignan,France,3942349,104,3,Goal Kick,26.4,0,1,1,Complete,6.0,36.1,31.2,28.1,Ground Pass,Right Foot
Mike Maignan,France,3942349,107,4,Goal Kick,39.7,1,0,1,Complete,6.0,42.4,28.0,75.5,Ground Pass,Right Foot
Diogo Meireles Costa,Portugal,3942349,111,4,Goal Kick,21.1,0,1,1,Complete,5.5,38.0,26.2,33.9,Ground Pass,Left Foot
Mike Maignan,France,3942349,113,4,Goal Kick,20.2,0,1,1,Complete,7.0,39.9,19.1,56.1,Ground Pass,Right Foot
Diogo Meireles Costa,Portugal,3942349,114,4,Goal Kick,14.5,0,1,1,Complete,6.0,35.8,10.3,49.7,Ground Pass,Left Foot
Bart Verbruggen,Netherlands,3930180,43,1,Goal Kick,34.2,1,0,1,Complete,3.6,31.1,37.6,35.0,Ground Pass,Right Foot
Patrick Pentz,Austria,3930180,83,2,Goal Kick,70.8,1,0,1,Complete,5.3,33.4,75.7,26.0,High Pass,Left Foot
Patrick Pentz,Austria,3930180,84,2,Goal Kick,78.2,1,0,1,Complete,5.4,32.4,78.3,4.1,High Pass,Left Foot
Patrick Pentz,Austria,3930180,95,2,Goal Kick,8.2,0,1,1,Complete,4.5,37.1,11.0,32.1,Ground Pass,Right Foot
Kasper Schmeichel,Denmark,3930171,27,1,Goal Kick,37.7,1,0,1,Complete,6.9,47.2,29.4,77.4,Ground Pass,Right Foot
Jordan Pickford,England,3930171,38,1,Goal Kick,15.1,0,1,1,Complete,4.4,43.1,8.3,57.7,Ground Pass,Left Foot
Jordan Pickford,England,3930171,39,1,Goal Kick,71.5,1,0,1,Complete,5.4,41.3,76.9,39.2,High Pass,Right Foot
Kasper Schmeichel,Denmark,3930171,42,1,Goal Kick,73.3,1,0,1,Complete,6.6,46.6,78.5,61.0,High Pass,Right Foot
Kasper Schmeichel,Denmark,3930171,52,2,Goal Kick,35.9,1,0,1,Complete,4.7,42.2,22.9,73.1,Ground Pass,Right Foot
Kasper Schmeichel,Denmark,3930171,56,2,Goal Kick,17.4,0,1,1,Complete,2.8,38.9,6.1,56.0,Ground Pass,Right Foot
Jordan Pickford,England,3930171,63,2,Goal Kick,16.4,0,1,1,Complete,3.7,44.5,9.4,59.9,Ground Pass,Left Foot
Jordan Pickford,England,3930171,77,2,Goal Kick,73.0,1,0,1,Complete,7.0,39.0,78.1,22.4,High Pass,Left Foot
Kasper Schmeichel,Denmark,3930171,79,2,Goal Kick,72.9,1,0,1,Complete,6.0,41.1,71.2,73.7,High Pass,Right Foot
Jordan Pickford,England,3930171,83,2,Goal Kick,15.0,0,1,1,Complete,7.0,45.6,11.5,59.9,Ground Pass,Right Foot
Jordan Pickford,England,3930171,84,2,Goal Kick,73.4,1,0,1,Complete,7.0,36.2,79.5,24.9,High Pass,Left Foot
Kasper Schmeichel,Denmark,3930171,88,2,Goal Kick,71.5,1,0,1,Complete,6.0,45.3,76.5,57.4,High Pass,Right Foot
Manuel Neuer,Germany,3942226,11,1,Goal Kick,30.1,0,1,1,Complete,2.8,43.8,18.4,69.6,Ground Pass,Right Foot
Manuel Neuer,Germany,3942226,14,1,Goal Kick,34.1,1,0,1,Complete,4.1,38.3,15.0,6.0,Ground Pass,Right Foot
Manuel Neuer,Germany,3942226,16,1,Goal Kick,9.4,0,1,1,Complete,2.9,37.7,6.3,28.9,Ground Pass,Right Foot
Manuel Neuer,Germany,3942226,47,2,Goal Kick,45.6,1,0,0,Incomplete,7.0,44.1,47.7,64.6,High Pass,Right Foot
Unai Simón Mendibil,Spain,3942226,60,2,Goal Kick,11.4,0,1,1,Complete,6.0,40.8,17.3,41.9,Ground Pass,Right Foot
Unai Simón Mendibil,Spain,3942226,63,2,Goal Kick,73.6,1,0,0,Incomplete,6.0,45.8,78.7,57.1,High Pass,Right Foot
Unai Simón Mendibil,Spain,3942226,81,2,Goal Kick,46.4,1,0,1,Complete,6.0,45.0,52.1,39.6,Low Pass,Right Foot
Unai Simón Mendibil,Spain,3942226,82,2,Goal Kick,75.7,1,0,1,Complete,6.0,41.8,77.9,65.5,High Pass,Right Foot
Manuel Neuer,Germany,3942226,83,2,Goal Kick,16.4,0,1,1,Complete,4.2,41.8,10.2,57.1,Ground Pass,Left Foot
Manuel Neuer,Germany,3942226,91,2,Goal Kick,49.2,1,0,0,Incomplete,7.0,41.5,50.7,64.2,High Pass,Right Foot
Manuel Neuer,Germany,3942226,90,3,Goal Kick,18.7,0,1,1,Complete,3.6,39.2,7.1,20.8,Ground Pass,Right Foot
Manuel Neuer,Germany,3942226,94,3,Goal Kick,21.7,0,1,1,Complete,3.0,39.9,10.4,19.5,Ground Pass,Right Foot
Unai Simón Mendibil,Spain,3942226,102,3,Goal Kick,74.0,1,0,0,Incomplete,7.0,37.1,78.2,16.9,High Pass,Right Foot
Manuel Neuer,Germany,3942226,103,3,Goal Kick,58.4,1,0,1,Complete,4.7,37.5,62.9,32.8,High Pass,Right Foot
Unai Simón Mendibil,Spain,3942226,105,3,Goal Kick,71.2,1,0,0,Incomplete,7.0,37.9,72.7,10.5,High Pass,Right Foot
Unai Simón Mendibil,Spain,3942226,108,4,Goal Kick,89.9,1,0,0,Incomplete,6.0,32.8,91.7,5.5,High Pass,Right Foot
Manuel Neuer,Germany,3942226,113,4,Goal Kick,58.5,1,0,1,Complete,7.0,36.6,63.7,22.0,High Pass,Right Foot
Unai Simón Mendibil,Spain,3942226,123,4,Goal Kick,81.9,1,0,1,Complete,6.0,35.3,83.7,9.4,High Pass,Right Foot
Anatolii Trubin,Ukraine,3938645,23,1,Goal Kick,35.6,1,0,1,Complete,5.8,43.9,35.9,24.9,Ground Pass,Right Foot
Anatolii Trubin,Ukraine,3938645,25,1,Goal Kick,26.1,0,1,1,Complete,4.4,41.0,13.1,16.4,Ground Pass,Right Foot
Koen Casteels,Belgium,3938645,27,1,Goal Kick,72.8,1,0,0,Incomplete,5.6,40.8,77.1,54.5,High Pass,Left Foot
Koen Casteels,Belgium,3938645,28,1,Goal Kick,70.2,1,0,1,Complete,6.0,42.1,76.2,42.9,High Pass,Left Foot
Anatolii Trubin,Ukraine,3938645,32,1,Goal Kick,40.0,1,0,1,Complete,7.0,35.7,45.5,24.9,Ground Pass,Right Foot
Anatolii Trubin,Ukraine,3938645,36,1,Goal Kick,14.4,0,1,1,Complete,4.5,40.9,14.2,30.2,Ground Pass,Right Foot
Koen Casteels,Belgium,3938645,37,1,Goal Kick,30.0,0,1,1,Complete,5.1,34.5,9.3,4.8,Ground Pass,Right Foot
Anatolii Trubin,Ukraine,3938645,52,2,Goal Kick,31.2,0,1,1,Complete,5.8,39.1,20.2,11.4,Ground Pass,Right Foot
Anatolii Trubin,Ukraine,3938645,56,2,Goal Kick,86.3,1,0,0,Incomplete,6.0,41.0,91.9,49.4,High Pass,Right Foot
Koen Casteels,Belgium,3938645,79,2,Goal Kick,60.7,1,0,0,Unknown,7.0,41.2,66.6,29.9,High Pass,Left Foot
Koen Casteels,Belgium,3938645,83,2,Goal Kick,65.0,1,0,1,Complete,7.0,39.8,70.3,25.1,High Pass,Left Foot
Anatolii Trubin,Ukraine,3938645,87,2,Goal Kick,42.6,1,0,1,Complete,4.2,37.9,32.3,5.9,Ground Pass,Right Foot
Koen Casteels,Belgium,3938645,89,2,Goal Kick,80.1,1,0,0,Incomplete,7.0,42.2,85.3,59.3,High Pass,Left Foot
Anatolii Trubin,Ukraine,3938645,93,2,Goal Kick,67.0,1,0,1,Complete,6.0,40.1,73.0,39.1,High Pass,Right Foot
Jindřich Staněk,Czech Republic,3930184,5,1,Goal Kick,19.7,0,1,1,Complete,6.0,43.5,24.1,35.6,High Pass,Right Foot
Fehmi Mert Günok,Turkey,3930184,16,1,Goal Kick,33.7,1,0,1,Complete,7.0,44.4,30.2,68.8,Ground Pass,Left Foot
Jindřich Staněk,Czech Republic,3930184,22,1,Goal Kick,70.7,1,0,1,Complete,6.0,43.1,69.9,73.4,High Pass,Right Foot
Fehmi Mert Günok,Turkey,3930184,23,1,Goal Kick,11.4,0,1,1,Complete,6.7,43.5,10.4,54.3,Ground Pass,Left Foot
Jindřich Staněk,Czech Republic,3930184,27,1,Goal Kick,69.1,1,0,0,Unknown,6.0,48.0,71.3,70.6,High Pass,Right Foot
Jindřich Staněk,Czech Republic,3930184,37,1,Goal Kick,75.4,1,0,1,Complete,6.0,42.3,74.3,74.2,High Pass,Right Foot
Jindřich Staněk,Czech Republic,3930184,43,1,Goal Kick,80.5,1,0,0,Incomplete,5.2,44.2,80.3,73.1,High Pass,Right Foot
Jindřich Staněk,Czech Republic,3930184,47,2,Goal Kick,61.2,1,0,1,Complete,7.0,44.8,58.6,77.7,High Pass,Right Foot
Fehmi Mert Günok,Turkey,3930184,64,2,Goal Kick,69.5,1,0,1,Complete,5.4,32.4,63.4,70.7,High Pass,Right Foot
Fehmi Mert Günok,Turkey,3930184,73,2,Goal Kick,70.6,1,0,0,Incomplete,6.0,44.0,71.0,16.5,High Pass,Right Foot
Fehmi Mert Günok,Turkey,3930184,78,2,Goal Kick,35.6,1,0,1,Complete,6.0,41.6,23.1,72.8,Ground Pass,Right Foot
Fehmi Mert Günok,Turkey,3930184,80,2,Goal Kick,37.1,1,0,1,Complete,5.9,40.7,17.6,5.5,Ground Pass,Right Foot
Matěj Kovář,Czech Republic,3930184,86,2,Goal Kick,69.4,1,0,1,Complete,7.0,34.4,76.1,28.0,High Pass,Right Foot
Matěj Kovář,Czech Republic,3930184,89,2,Goal Kick,43.2,1,0,1,Complete,4.2,34.9,26.1,72.1,Ground Pass,Left Foot
Fehmi Mert Günok,Turkey,3930184,92,2,Goal Kick,78.3,1,0,0,Incomplete,5.5,37.1,80.3,60.2,High Pass,Right Foot
Fehmi Mert Günok,Turkey,3941022,7,1,Goal Kick,33.7,1,0,1,Complete,6.0,31.1,22.8,1.9,Ground Pass,Right Foot
Patrick Pentz,Austria,3941022,18,1,Goal Kick,18.2,0,1,1,Complete,7.0,43.5,22.6,52.8,Ground Pass,Right Foot
Patrick Pentz,Austria,3941022,24,1,Goal Kick,11.8,0,1,1,Complete,7.0,45.2,17.8,49.9,Ground Pass,Right Foot
Fehmi Mert Günok,Turkey,3941022,43,1,Goal Kick,74.3,1,0,0,Incomplete,6.0,42.8,80.3,43.1,High Pass,Right Foot
Fehmi Mert Günok,Turkey,3941022,46,2,Goal Kick,72.1,1,0,0,Incomplete,6.8,42.8,78.7,47.9,High Pass,Right Foot
Fehmi Mert Günok,Turkey,3941022,48,2,Goal Kick,17.0,0,1,1,Complete,6.8,45.7,7.0,62.7,Ground Pass,Right Foot
Fehmi Mert Günok,Turkey,3941022,49,2,Goal Kick,18.9,0,1,1,Complete,6.7,40.2,8.4,21.4,Ground Pass,Right Foot
Fehmi Mert Günok,Turkey,3941022,52,2,Goal Kick,15.4,0,1,1,Complete,7.0,44.8,12.8,59.1,Ground Pass,Right Foot
Fehmi Mert Günok,Turkey,3941022,54,2,Goal Kick,59.6,1,0,0,Incomplete,6.8,38.9,60.7,13.5,High Pass,Right Foot
Fehmi Mert Günok,Turkey,3941022,75,2,Goal Kick,69.3,1,0,0,Incomplete,7.0,46.2,76.3,45.8,High Pass,Right Foot
Fehmi Mert Günok,Turkey,3941022,82,2,Goal Kick,69.2,1,0,0,Incomplete,7.0,46.2,76.0,50.9,High Pass,Right Foot
Fehmi Mert Günok,Turkey,3941022,84,2,Goal Kick,69.8,1,0,0,Incomplete,7.0,46.7,74.9,62.7,High Pass,Right Foot
Fehmi Mert Günok,Turkey,3941022,86,2,Goal Kick,64.6,1,0,1,Complete,7.0,45.7,64.7,74.7,High Pass,Right Foot
Bart Verbruggen,Netherlands,3941021,14,1,Goal Kick,21.4,0,1,1,Complete,6.0,38.9,18.9,56.0,Ground Pass,Right Foot
Florin Constantin Niţă,Romania,3941021,15,1,Goal Kick,69.1,1,0,0,Out,7.0,39.5,63.8,0.2,High Pass,Right Foot
Florin Constantin Niţă,Romania,3941021,22,1,Goal Kick,71.1,1,0,0,Incomplete,5.0,30.1,76.0,26.7,High Pass,Right Foot
Florin Constantin Niţă,Romania,3941021,26,1,Goal Kick,71.7,1,0,0,Incomplete,6.3,37.8,72.6,10.4,High Pass,Right Foot
Florin Constantin Niţă,Romania,3941021,35,1,Goal Kick,59.0,1,0,0,Incomplete,7.0,40.0,64.6,27.1,High Pass,Right Foot
Florin Constantin Niţă,Romania,3941021,36,1,Goal Kick,73.7,1,0,0,Incomplete,7.0,40.0,74.1,9.6,High Pass,Right Foot
Florin Constantin Niţă,Romania,3941021,42,1,Goal Kick,17.7,0,1,1,Complete,7.0,40.0,21.0,50.9,Ground Pass,Right Foot
Florin Constantin Niţă,Romania,3941021,43,1,Goal Kick,60.5,1,0,1,Complete,7.0,41.0,64.4,21.8,High Pass,Right Foot
Florin Constantin Niţă,Romania,3941021,50,2,Goal Kick,64.4,1,0,1,Complete,5.9,35.5,62.3,4.4,High Pass,Right Foot
Florin Constantin Niţă,Romania,3941021,55,2,Goal Kick,66.3,1,0,0,Incomplete,5.7,31.6,70.7,18.4,High Pass,Right Foot
Florin Constantin Niţă,Romania,3941021,56,2,Goal Kick,20.0,0,1,1,Complete,5.7,34.0,19.9,19.9,Ground Pass,Right Foot
Florin Constantin Niţă,Romania,3941021,58,2,Goal Kick,13.6,0,1,1,Complete,5.3,33.7,8.3,47.0,Ground Pass,Left Foot
Bart Verbruggen,Netherlands,3941021,64,2,Goal Kick,16.2,0,1,1,Complete,6.9,47.1,14.3,32.7,Ground Pass,Right Foot
Florin Constantin Niţă,Romania,3941021,68,2,Goal Kick,67.2,1,0,0,Incomplete,5.4,34.9,65.3,4.5,High Pass,Right Foot
Florin Constantin Niţă,Romania,3941021,72,2,Goal Kick,21.9,0,1,1,Complete,5.4,44.4,7.8,22.6,Ground Pass,Right Foot
Florin Constantin Niţă,Romania,3941021,78,2,Goal Kick,20.7,0,1,1,Complete,5.7,32.5,23.6,22.2,Ground Pass,Right Foot
Florin Constantin Niţă,Romania,3941021,84,2,Goal Kick,40.2,1,0,1,Complete,5.9,32.5,45.1,23.7,Ground Pass,Right Foot
Bart Verbruggen,Netherlands,3941021,88,2,Goal Kick,78.4,1,0,1,Complete,7.0,43.6,84.3,56.7,High Pass,Right Foot
Jan Oblak,Slovenia,3941020,4,1,Goal Kick,63.5,1,0,1,Complete,5.2,38.9,58.5,4.4,High Pass,Right Foot
Jan Oblak,Slovenia,3941020,6,1,Goal Kick,12.7,0,1,1,Complete,5.1,39.7,6.5,27.1,Ground Pass,Right Foot
Jan Oblak,Slovenia,3941020,13,1,Goal Kick,56.9,1,0,0,Incomplete,6.0,42.1,56.4,15.6,High Pass,Right Foot
Jan Oblak,Slovenia,3941020,21,1,Goal Kick,16.6,0,1,1,Complete,6.0,41.0,6.1,24.4,Ground Pass,Right Foot
Jan Oblak,Slovenia,3941020,34,1,Goal Kick,70.9,1,0,0,Incomplete,6.0,39.0,71.1,11.0,High Pass,Right Foot
Jan Oblak,Slovenia,3941020,35,1,Goal Kick,65.1,1,0,0,Incomplete,6.0,37.0,63.1,5.7,High Pass,Right Foot
Jan Oblak,Slovenia,3941020,38,1,Goal Kick,6.4,0,1,1,Complete,5.9,39.9,5.9,46.3,Ground Pass,Right Foot
Diogo Meireles Costa,Portugal,3941020,45,1,Goal Kick,24.8,0,1,1,Complete,7.0,41.7,15.3,65.1,Ground Pass,Left Foot
Jan Oblak,Slovenia,3941020,47,2,Goal Kick,73.0,1,0,1,Complete,7.0,47.2,74.1,76.0,High Pass,Right Foot
Diogo Meireles Costa,Portugal,3941020,59,2,Goal Kick,98.3,1,0,0,Incomplete,6.0,44.1,103.7,54.7,High Pass,Right Foot
Diogo Meireles Costa,Portugal,3941020,61,2,Goal Kick,29.3,0,1,1,Complete,6.0,31.7,24.8,9.2,Ground Pass,Right Foot
Jan Oblak,Slovenia,3941020,64,2,Goal Kick,64.8,1,0,0,Incomplete,7.0,44.3,66.6,69.7,High Pass,Right Foot
Jan Oblak,Slovenia,3941020,71,2,Goal Kick,31.7,0,1,1,Complete,7.0,32.9,30.8,11.9,High Pass,Right Foot
Jan Oblak,Slovenia,3941020,74,2,Goal Kick,64.7,1,0,1,Complete,7.0,45.5,64.4,75.3,High Pass,Right Foot
Jan Oblak,Slovenia,3941020,77,2,Goal Kick,78.5,1,0,0,Incomplete,7.0,45.8,83.3,64.2,High Pass,Right Foot
Jan Oblak,Slovenia,3941020,86,2,Goal Kick,67.8,1,0,0,Incomplete,7.0,46.6,68.0,76.2,High Pass,Right Foot
Jan Oblak,Slovenia,3941020,92,3,Goal Kick,14.7,0,1,1,Complete,6.0,34.2,15.7,23.1,Ground Pass,Right Foot
Jan Oblak,Slovenia,3941020,94,3,Goal Kick,60.3,1,0,1,Complete,6.0,45.8,65.3,56.6,High Pass,Right Foot
Diogo Meireles Costa,Portugal,3941020,95,3,Goal Kick,8.4,0,1,1,Complete,7.0,37.4,14.8,34.2,Ground Pass,Right Foot
Jan Oblak,Slovenia,3941020,101,3,Goal Kick,56.0,1,0,0,Out,5.6,41.1,46.7,79.1,High Pass,Left Foot
Diogo Meireles Costa,Portugal,3941020,112,4,Goal Kick,24.9,0,1,1,Complete,6.0,42.8,11.4,18.5,Ground Pass,Right Foot
Diogo Meireles Costa,Portugal,3941020,113,4,Goal Kick,32.4,1,0,1,Complete,6.0,35.4,34.0,19.1,Ground Pass,Right Foot
Diogo Meireles Costa,Portugal,3941020,114,4,Goal Kick,43.4,1,0,1,Complete,6.0,34.8,37.3,4.7,Ground Pass,Right Foot
Jan Oblak,Slovenia,3941020,120,4,Goal Kick,60.0,1,0,0,Incomplete,7.0,45.7,66.9,49.7,High Pass,Right Foot
Giorgi Mamardashvili,Georgia,3941018,6,1,Goal Kick,10.7,0,1,1,Complete,6.0,38.3,16.1,41.7,Ground Pass,Left Foot
Giorgi Mamardashvili,Georgia,3941018,15,1,Goal Kick,36.1,1,0,1,Complete,6.0,44.8,34.2,67.3,Ground Pass,Right Foot
Giorgi Mamardashvili,Georgia,3941018,27,1,Goal Kick,26.5,0,1,1,Complete,6.0,41.1,9.0,14.8,Ground Pass,Right Foot
Giorgi Mamardashvili,Georgia,3941018,29,1,Goal Kick,44.1,1,0,1,Complete,6.0,41.1,48.4,53.2,High Pass,Right Foot
Unai Simón Mendibil,Spain,3941018,34,1,Goal Kick,9.4,0,1,1,Complete,4.4,37.0,11.6,31.0,Ground Pass,Right Foot
Giorgi Mamardashvili,Georgia,3941018,35,1,Goal Kick,67.9,1,0,1,Complete,6.0,46.9,69.5,71.0,High Pass,Left Foot
Giorgi Mamardashvili,Georgia,3941018,36,1,Goal Kick,67.5,1,0,0,Incomplete,6.0,33.1,73.0,24.5,High Pass,Left Foot
Unai Simón Mendibil,Spain,3941018,40,1,Goal Kick,12.6,0,1,1,Complete,7.0,43.2,14.0,53.7,Ground Pass,Right Foot
Giorgi Mamardashvili,Georgia,3941018,45,2,Goal Kick,24.0,0,1,1,Complete,6.1,42.8,9.2,66.6,Ground Pass,Left Foot
Unai Simón Mendibil,Spain,3941018,48,2,Goal Kick,15.3,0,1,1,Complete,6.0,41.3,13.3,27.8,Ground Pass,Right Foot
Giorgi Mamardashvili,Georgia,3941018,52,2,Goal Kick,20.2,0,1,1,Complete,4.0,35.5,7.6,55.4,Ground Pass,Left Foot
Giorgi Mamardashvili,Georgia,3941018,55,2,Goal Kick,61.1,1,0,1,Complete,5.8,43.8,59.7,72.5,High Pass,Left Foot
Giorgi Mamardashvili,Georgia,3941018,63,2,Goal Kick,64.3,1,0,0,Incomplete,6.1,42.8,64.9,68.7,High Pass,Left Foot
Giorgi Mamardashvili,Georgia,3941018,66,2,Goal Kick,30.6,0,1,1,Complete,6.1,46.2,7.6,15.6,Ground Pass,Right Foot
Unai Simón Mendibil,Spain,3941018,68,2,Goal Kick,6.3,0,1,1,Complete,4.6,45.0,9.6,48.8,Ground Pass,Right Foot
Giorgi Mamardashvili,Georgia,3941018,69,2,Goal Kick,23.8,0,1,1,Complete,5.3,36.9,5.8,13.1,Ground Pass,Right Foot
Giorgi Mamardashvili,Georgia,3941018,82,2,Goal Kick,6.6,0,1,1,Complete,5.4,41.5,6.0,48.1,Ground Pass,Left Foot
Giorgi Mamardashvili,Georgia,3941018,93,2,Goal Kick,94.7,1,0,0,Incomplete,7.0,36.1,96.8,6.0,High Pass,Right Foot
Jordan Pickford,England,3941017,4,1,Goal Kick,39.8,1,0,1,Complete,6.0,38.1,27.7,71.5,Ground Pass,Right Foot
Jordan Pickford,England,3941017,5,1,Goal Kick,10.3,0,1,1,Complete,6.0,38.3,7.7,48.5,Ground Pass,Left Foot
Jordan Pickford,England,3941017,7,1,Goal Kick,24.2,0,1,1,Complete,6.0,39.3,20.9,20.2,Ground Pass,Right Foot
Martin Dúbravka,Slovakia,3941017,23,1,Goal Kick,24.4,0,1,1,Complete,7.0,40.8,28.4,52.6,Ground Pass,Right Foot
Martin Dúbravka,Slovakia,3941017,42,1,Goal Kick,74.1,1,0,1,Complete,7.0,48.2,78.3,68.4,High Pass,Right Foot
Jordan Pickford,England,3941017,46,2,Goal Kick,15.7,0,1,1,Complete,3.6,34.8,8.5,49.7,Ground Pass,Left Foot
Jordan Pickford,England,3941017,54,2,Goal Kick,29.1,0,1,1,Complete,7.0,46.8,35.4,40.4,Ground Pass,Right Foot
Martin Dúbravka,Slovakia,3941017,61,2,Goal Kick,69.7,1,0,1,Complete,5.5,38.8,66.1,4.4,High Pass,Right Foot
Martin Dúbravka,Slovakia,3941017,69,2,Goal Kick,72.8,1,0,1,Complete,5.5,39.7,77.2,52.5,High Pass,Right Foot
Martin Dúbravka,Slovakia,3941017,77,2,Goal Kick,72.4,1,0,0,Incomplete,5.2,45.1,76.8,56.1,High Pass,Right Foot
Martin Dúbravka,Slovakia,3941017,81,2,Goal Kick,70.4,1,0,0,Incomplete,4.5,40.3,72.5,58.7,High Pass,Right Foot
Martin Dúbravka,Slovakia,3941017,93,2,Goal Kick,66.0,1,0,1,Complete,6.0,46.2,64.0,77.6,High Pass,Right Foot
Jordan Pickford,England,3941017,94,3,Goal Kick,67.7,1,0,1,Complete,6.0,47.5,71.8,63.3,High Pass,Right Foot
Jordan Pickford,England,3941017,105,3,Goal Kick,60.6,1,0,0,Incomplete,3.6,45.1,64.2,45.1,High Pass,Right Foot
Jordan Pickford,England,3941017,110,4,Goal Kick,73.5,1,0,0,Out,7.0,36.1,71.2,0.4,High Pass,Left Foot
Jordan Pickford,England,3941017,113,4,Goal Kick,62.8,1,0,0,Unknown,7.0,44.9,69.4,52.0,High Pass,Right Foot
Jordan Pickford,England,3941017,117,4,Goal Kick,66.9,1,0,0,Incomplete,7.0,33.8,71.0,14.3,High Pass,Left Foot
Jordan Pickford,England,3941017,119,4,Goal Kick,66.8,1,0,1,Complete,7.0,46.9,73.3,54.8,High Pass,Left Foot
Martin Dúbravka,Slovakia,3941017,120,4,Goal Kick,22.7,0,1,1,Complete,6.0,39.9,28.7,39.3,Ground Pass,Right Foot
Kasper Schmeichel,Denmark,3930182,11,1,Goal Kick,57.0,1,0,1,Complete,6.6,42.7,62.3,54.6,High Pass,Right Foot
Predrag Rajković,Serbia,3930182,16,1,Goal Kick,26.2,0,1,1,Complete,5.3,38.4,7.4,64.5,Ground Pass,Right Foot
Predrag Rajković,Serbia,3930182,23,1,Goal Kick,79.3,1,0,0,Incomplete,5.1,35.2,77.7,3.3,High Pass,Right Foot
Predrag Rajković,Serbia,3930182,38,1,Goal Kick,12.1,0,1,1,Complete,4.9,40.6,5.8,52.7,Ground Pass,Left Foot
Predrag Rajković,Serbia,3930182,58,2,Goal Kick,14.0,0,1,1,Complete,7.0,39.0,10.7,25.5,Ground Pass,Right Foot
Predrag Rajković,Serbia,3930182,59,2,Goal Kick,101.5,1,0,0,Incomplete,6.2,44.0,107.6,49.5,High Pass,Right Foot
Predrag Rajković,Serbia,3930182,61,2,Goal Kick,13.8,0,1,1,Complete,7.0,44.4,10.5,31.1,Ground Pass,Right Foot
Predrag Rajković,Serbia,3930182,67,2,Goal Kick,15.9,0,1,1,Complete,6.2,43.6,13.2,57.9,Ground Pass,Left Foot
Predrag Rajković,Serbia,3930182,72,2,Goal Kick,39.1,1,0,1,Complete,7.0,41.2,44.1,28.9,Low Pass,Right Foot
Kasper Schmeichel,Denmark,3930182,81,2,Goal Kick,98.8,1,0,0,Incomplete,6.0,38.6,104.5,46.7,High Pass,Right Foot
Kasper Schmeichel,Denmark,3930182,84,2,Goal Kick,79.8,1,0,1,Complete,5.3,43.4,78.1,10.8,High Pass,Right Foot
Kasper Schmeichel,Denmark,3930182,89,2,Goal Kick,67.9,1,0,0,Incomplete,6.0,39.7,73.0,28.5,High Pass,Right Foot
David Raya Martin,Spain,3930179,5,1,Goal Kick,15.2,0,1,1,Complete,2.7,41.6,7.6,27.2,Ground Pass,Right Foot
Thomas Strakosha,Albania,3930179,8,1,Goal Kick,38.4,1,0,1,Complete,6.0,39.8,15.4,2.6,Ground Pass,Right Foot
Thomas Strakosha,Albania,3930179,12,1,Goal Kick,65.8,1,0,1,Complete,6.0,39.3,67.9,17.0,High Pass,Right Foot
Thomas Strakosha,Albania,3930179,17,1,Goal Kick,45.5,1,0,1,Complete,4.7,39.6,48.1,53.1,High Pass,Right Foot
Thomas Strakosha,Albania,3930179,21,1,Goal Kick,82.8,1,0,0,Incomplete,5.4,39.8,87.9,32.2,High Pass,Right Foot
Thomas Strakosha,Albania,3930179,36,1,Goal Kick,66.1,1,0,0,Incomplete,5.3,38.2,70.4,26.7,High Pass,Right Foot
Thomas Strakosha,Albania,3930179,40,1,Goal Kick,79.1,1,0,0,Incomplete,6.0,46.2,80.9,71.7,High Pass,Right Foot
Thomas Strakosha,Albania,3930179,44,1,Goal Kick,38.2,1,0,1,Complete,5.1,38.8,15.1,1.9,Low Pass,Right Foot
Thomas Strakosha,Albania,3930179,45,1,Goal Kick,58.0,1,0,0,Incomplete,5.9,40.6,63.9,39.8,High Pass,Right Foot
Thomas Strakosha,Albania,3930179,47,2,Goal Kick,68.7,1,0,1,Complete,6.9,40.4,69.2,11.5,High Pass,Right Foot
Thomas Strakosha,Albania,3930179,49,2,Goal Kick,14.4,0,1,1,Complete,6.9,43.2,15.1,55.0,Ground Pass,Right Foot
David Raya Martin,Spain,3930179,77,2,Goal Kick,68.5,1,0,1,Complete,6.0,34.4,68.9,7.4,High Pass,Right Foot
Thomas Strakosha,Albania,3930179,79,2,Goal Kick,52.6,1,0,1,Complete,7.0,40.8,51.2,12.3,High Pass,Right Foot
David Raya Martin,Spain,3930179,84,2,Goal Kick,72.5,1,0,1,Complete,5.8,35.8,72.2,6.8,High Pass,Right Foot
David Raya Martin,Spain,3930179,87,2,Goal Kick,68.5,1,0,0,Unknown,5.9,37.2,72.7,22.1,High Pass,Right Foot
David Raya Martin,Spain,3930179,94,2,Goal Kick,65.7,1,0,0,Unknown,5.3,36.4,69.4,21.8,High Pass,Right Foot
Kasper Schmeichel,Denmark,3940983,12,1,Goal Kick,45.6,1,0,1,Complete,6.0,38.5,35.2,3.5,Ground Pass,Right Foot
Kasper Schmeichel,Denmark,3940983,40,1,Goal Kick,70.2,1,0,1,Complete,6.0,44.1,76.0,49.1,High Pass,Right Foot
Kasper Schmeichel,Denmark,3940983,41,1,Goal Kick,15.1,0,1,1,Complete,6.0,39.6,10.3,25.1,Ground Pass,Right Foot
Kasper Schmeichel,Denmark,3940983,48,1,Goal Kick,62.7,1,0,1,Complete,6.0,38.1,57.0,1.7,High Pass,Right Foot
Kasper Schmeichel,Denmark,3940983,59,2,Goal Kick,10.5,0,1,1,Complete,6.1,38.8,11.4,29.7,Ground Pass,Right Foot
Manuel Neuer,Germany,3940983,80,2,Goal Kick,12.1,0,1,1,Complete,6.0,43.2,4.8,55.2,Ground Pass,Right Foot
Kasper Schmeichel,Denmark,3940983,88,2,Goal Kick,12.3,0,1,1,Complete,7.0,41.4,10.4,29.6,Ground Pass,Right Foot
Gianluigi Donnarumma,Italy,3940878,2,1,Goal Kick,30.6,0,1,1,Complete,6.0,44.3,11.2,74.5,Ground Pass,Right Foot
Gianluigi Donnarumma,Italy,3940878,11,1,Goal Kick,10.2,0,1,1,Complete,5.4,42.0,4.6,52.2,Ground Pass,Right Foot
Gianluigi Donnarumma,Italy,3940878,22,1,Goal Kick,55.4,1,0,0,Incomplete,6.0,37.2,55.0,11.3,High Pass,Right Foot
Gianluigi Donnarumma,Italy,3940878,28,1,Goal Kick,12.9,0,1,1,Complete,4.3,37.2,2.3,49.9,Ground Pass,Left Foot
Gianluigi Donnarumma,Italy,3940878,58,2,Goal Kick,11.2,0,1,1,Complete,6.6,33.1,13.1,24.0,Ground Pass,Right Foot
Gianluigi Donnarumma,Italy,3940878,65,2,Goal Kick,33.7,1,0,1,Complete,5.1,37.5,14.7,5.2,Ground Pass,Right Foot
Gianluigi Donnarumma,Italy,3940878,78,2,Goal Kick,10.2,0,1,1,Complete,7.0,32.5,15.3,26.5,Ground Pass,Right Foot
Gianluigi Donnarumma,Italy,3940878,83,2,Goal Kick,7.4,0,1,1,Complete,3.7,38.3,7.7,44.5,Ground Pass,Left Foot
Yann Sommer,Switzerland,3940878,85,2,Goal Kick,68.3,1,0,0,Incomplete,6.0,41.1,66.1,73.6,High Pass,Right Foot
Péter Gulácsi,Hungary,3930177,20,1,Goal Kick,59.7,1,0,1,Complete,7.0,34.0,63.5,14.6,High Pass,Right Foot
Péter Gulácsi,Hungary,3930177,23,1,Goal Kick,62.1,1,0,0,Incomplete,7.0,34.6,65.6,14.1,High Pass,Right Foot
Angus Gunn,Scotland,3930177,40,1,Goal Kick,79.7,1,0,0,Incomplete,6.0,44.8,85.4,51.4,High Pass,Right Foot
Angus Gunn,Scotland,3930177,64,2,Goal Kick,8.4,0,1,1,Complete,7.0,42.6,15.4,42.6,Ground Pass,Right Foot
Angus Gunn,Scotland,3930177,88,2,Goal Kick,67.1,1,0,1,Complete,7.0,33.9,71.4,15.1,High Pass,Right Foot
Angus Gunn,Scotland,3930177,90,2,Goal Kick,74.4,1,0,0,Incomplete,7.0,43.1,80.6,32.1,High Pass,Right Foot
Péter Gulácsi,Hungary,3930177,93,2,Goal Kick,67.8,1,0,0,Incomplete,5.6,41.1,73.0,48.2,High Pass,Right Foot
Angus Gunn,Scotland,3930177,96,2,Goal Kick,19.6,0,1,1,Complete,5.0,45.7,14.9,28.8,Ground Pass,Right Foot
Bart Verbruggen,Netherlands,3930173,14,1,Goal Kick,49.7,1,0,1,Complete,6.3,36.6,46.0,6.7,Ground Pass,Right Foot
Bart Verbruggen,Netherlands,3930173,20,1,Goal Kick,11.6,0,1,1,Complete,5.5,43.8,12.5,53.1,Ground Pass,Right Foot
Bart Verbruggen,Netherlands,3930173,27,1,Goal Kick,22.1,0,1,1,Complete,5.9,36.9,26.3,45.4,Ground Pass,Right Foot
Bart Verbruggen,Netherlands,3930173,52,2,Goal Kick,16.1,0,1,1,Complete,5.3,39.5,12.8,53.8,Ground Pass,Left Foot
Bart Verbruggen,Netherlands,3930173,60,2,Goal Kick,20.9,0,1,1,Complete,6.0,43.4,22.8,55.8,Ground Pass,Right Foot
Bart Verbruggen,Netherlands,3930173,74,2,Goal Kick,12.2,0,1,1,Complete,5.4,45.7,12.8,55.4,Ground Pass,Right Foot
Bart Verbruggen,Netherlands,3930173,81,2,Goal Kick,10.3,0,1,1,Complete,5.9,42.9,9.6,52.5,Ground Pass,Right Foot
Mike Maignan,France,3930173,94,2,Goal Kick,19.8,0,1,1,Complete,7.0,38.8,18.6,22.8,Ground Pass,Right Foot
Bart Verbruggen,Netherlands,3930173,95,2,Goal Kick,76.8,1,0,0,Unknown,5.8,45.2,81.9,55.8,High Pass,Right Foot
Gianluigi Donnarumma,Italy,3930172,10,1,Goal Kick,12.2,0,1,1,Complete,7.0,39.1,8.9,51.2,Ground Pass,Right Foot
Gianluigi Donnarumma,Italy,3930172,26,1,Goal Kick,64.0,1,0,1,Complete,7.0,47.6,66.9,70.2,High Pass,Right Foot
Unai Simón Mendibil,Spain,3930172,45,1,Goal Kick,56.4,1,0,0,Incomplete,6.0,44.6,62.0,51.2,High Pass,Right Foot
Gianluigi Donnarumma,Italy,3930172,60,2,Goal Kick,15.5,0,1,1,Complete,5.7,39.0,6.5,23.5,Ground Pass,Right Foot
Unai Simón Mendibil,Spain,3930172,74,2,Goal Kick,71.5,1,0,0,Incomplete,6.4,48.4,77.6,55.2,High Pass,Right Foot
Unai Simón Mendibil,Spain,3930172,90,2,Goal Kick,47.3,1,0,1,Complete,6.9,47.4,54.1,50.2,High Pass,Right Foot
Dominik Livaković,Croatia,3930167,15,1,Goal Kick,10.1,0,1,1,Complete,6.0,39.9,6.8,50.0,Ground Pass,Left Foot
Thomas Strakosha,Albania,3930167,20,1,Goal Kick,68.4,1,0,0,Incomplete,5.7,44.1,71.5,25.6,High Pass,Right Foot
Thomas Strakosha,Albania,3930167,26,1,Goal Kick,74.0,1,0,1,Complete,7.0,40.8,80.9,44.5,High Pass,Right Foot
Dominik Livaković,Croatia,3930167,29,1,Goal Kick,34.8,1,0,1,Complete,6.0,40.0,9.9,74.6,High Pass,Right Foot
Dominik Livaković,Croatia,3930167,31,1,Goal Kick,76.9,1,0,0,Incomplete,6.0,38.8,82.3,29.4,High Pass,Right Foot
Thomas Strakosha,Albania,3930167,42,1,Goal Kick,70.1,1,0,1,Complete,7.0,42.0,69.5,10.2,High Pass,Right Foot
Thomas Strakosha,Albania,3930167,48,2,Goal Kick,15.6,0,1,1,Complete,5.4,38.7,7.0,23.2,Ground Pass,Right Foot
Thomas Strakosha,Albania,3930167,50,2,Goal Kick,88.8,1,0,0,Incomplete,5.7,39.6,90.2,12.3,High Pass,Right Foot
Thomas Strakosha,Albania,3930167,52,2,Goal Kick,70.9,1,0,1,Complete,6.0,40.4,75.7,27.5,High Pass,Right Foot
Thomas Strakosha,Albania,3930167,54,2,Goal Kick,17.3,0,1,1,Complete,6.0,38.5,7.7,55.7,Ground Pass,Left Foot
Thomas Strakosha,Albania,3930167,57,2,Goal Kick,64.3,1,0,1,Complete,6.0,37.4,69.7,28.6,High Pass,Right Foot
Dominik Livaković,Croatia,3930167,66,2,Goal Kick,29.7,0,1,1,Complete,7.0,39.1,33.7,26.2,Ground Pass,Right Foot
Thomas Strakosha,Albania,3930167,68,2,Goal Kick,72.6,1,0,1,Complete,6.0,39.5,76.4,21.7,High Pass,Right Foot
Thomas Strakosha,Albania,3930167,72,2,Goal Kick,67.1,1,0,0,Incomplete,5.4,34.1,72.4,30.3,High Pass,Right Foot
Péter Gulácsi,Hungary,3930168,9,1,Goal Kick,71.9,1,0,1,Complete,7.0,34.9,71.6,3.3,High Pass,Right Foot
Péter Gulácsi,Hungary,3930168,19,1,Goal Kick,67.5,1,0,0,Unknown,7.0,35.0,70.5,12.2,High Pass,Right Foot
Péter Gulácsi,Hungary,3930168,21,1,Goal Kick,61.7,1,0,1,Complete,6.8,36.4,64.1,13.6,High Pass,Right Foot
Péter Gulácsi,Hungary,3930168,32,1,Goal Kick,20.0,0,1,1,Complete,4.8,39.9,8.3,20.2,Ground Pass,Right Foot
Péter Gulácsi,Hungary,3930168,41,1,Goal Kick,21.8,0,1,1,Complete,5.9,37.5,20.1,21.0,Ground Pass,Right Foot
Manuel Neuer,Germany,3930168,58,2,Goal Kick,6.6,0,1,1,Complete,5.1,40.9,8.7,35.4,Ground Pass,Right Foot
Manuel Neuer,Germany,3930168,59,2,Goal Kick,26.7,0,1,1,Complete,7.0,46.4,23.6,67.3,Ground Pass,Right Foot
Péter Gulácsi,Hungary,3930168,61,2,Goal Kick,17.8,0,1,1,Complete,6.0,41.0,9.3,58.5,Ground Pass,Right Foot
Manuel Neuer,Germany,3930168,64,2,Goal Kick,20.1,0,1,1,Complete,7.0,39.1,27.0,37.4,Ground Pass,Right Foot
Péter Gulácsi,Hungary,3930168,69,2,Goal Kick,41.3,1,0,1,Complete,6.0,45.3,34.5,75.2,Low Pass,Right Foot
Péter Gulácsi,Hungary,3930168,76,2,Goal Kick,19.8,0,1,1,Complete,2.0,44.7,6.8,25.5,Ground Pass,Right Foot
Péter Gulácsi,Hungary,3930168,86,2,Goal Kick,31.9,0,1,1,Complete,6.0,50.0,28.9,72.2,Ground Pass,Right Foot
Mike Maignan,France,3930165,21,1,Goal Kick,18.5,0,1,1,Complete,5.0,41.5,16.5,27.0,Ground Pass,Right Foot
Mike Maignan,France,3930165,35,1,Goal Kick,7.3,0,1,1,Complete,6.0,42.9,13.2,44.2,Ground Pass,Right Foot
Patrick Pentz,Austria,3930165,50,2,Goal Kick,21.6,0,1,1,Complete,6.0,34.1,20.8,18.4,Ground Pass,Right Foot
Patrick Pentz,Austria,3930165,53,2,Goal Kick,20.6,0,1,1,Complete,6.0,33.4,22.5,21.1,Ground Pass,Right Foot
Patrick Pentz,Austria,3930165,55,2,Goal Kick,95.0,1,0,0,Unknown,6.0,34.1,98.4,11.9,High Pass,Right Foot
Mike Maignan,France,3930165,57,2,Goal Kick,67.8,1,0,1,Complete,7.0,46.2,67.3,77.2,High Pass,Right Foot
Patrick Pentz,Austria,3930165,61,2,Goal Kick,9.3,0,1,1,Complete,6.0,34.7,14.7,37.9,Ground Pass,Right Foot
Mike Maignan,France,3930165,62,2,Goal Kick,68.7,1,0,0,Incomplete,7.0,36.4,71.1,11.8,High Pass,Right Foot
Patrick Pentz,Austria,3930165,64,2,Goal Kick,8.6,0,1,1,Complete,4.6,37.6,9.9,44.4,Ground Pass,Left Foot
Patrick Pentz,Austria,3930165,72,2,Goal Kick,20.4,0,1,1,Complete,6.0,33.2,26.3,30.8,Ground Pass,Right Foot
Mike Maignan,France,3930165,76,2,Goal Kick,25.9,0,1,1,Complete,7.0,34.4,19.9,11.9,Ground Pass,Right Foot
Koen Casteels,Belgium,3930164,8,1,Goal Kick,42.4,1,0,1,Complete,6.7,42.1,49.0,44.2,High Pass,Right Foot
Martin Dúbravka,Slovakia,3930164,16,1,Goal Kick,55.0,1,0,0,Incomplete,6.0,35.5,53.1,7.1,High Pass,Right Foot
Martin Dúbravka,Slovakia,3930164,20,1,Goal Kick,51.0,1,0,0,Incomplete,6.0,37.1,55.7,25.5,High Pass,Right Foot
Martin Dúbravka,Slovakia,3930164,41,1,Goal Kick,71.1,1,0,0,Incomplete,5.9,43.9,74.2,63.6,High Pass,Right Foot
Koen Casteels,Belgium,3930164,47,2,Goal Kick,29.3,0,1,1,Complete,5.7,46.2,14.9,74.0,Ground Pass,Left Foot
Koen Casteels,Belgium,3930164,51,2,Goal Kick,47.5,1,0,1,Complete,6.0,45.2,45.4,71.8,High Pass,Right Foot
Koen Casteels,Belgium,3930164,53,2,Goal Kick,16.9,0,1,1,Complete,6.0,40.4,6.2,23.5,Ground Pass,Right Foot
Martin Dúbravka,Slovakia,3930164,61,2,Goal Kick,12.6,0,1,1,Complete,7.0,39.5,19.2,36.4,Ground Pass,Right Foot
Martin Dúbravka,Slovakia,3930164,64,2,Goal Kick,93.4,1,0,0,Incomplete,7.0,47.0,90.4,4.9,High Pass,Right Foot
Koen Casteels,Belgium,3930164,70,2,Goal Kick,43.0,1,0,1,Complete,6.0,45.8,22.4,6.0,Ground Pass,Right Foot
Koen Casteels,Belgium,3930164,78,2,Goal Kick,29.6,0,1,1,Complete,3.2,44.3,14.7,71.6,Ground Pass,Left Foot
Martin Dúbravka,Slovakia,3930164,80,2,Goal Kick,79.3,1,0,0,Incomplete,7.0,35.3,82.6,11.2,High Pass,Right Foot
Martin Dúbravka,Slovakia,3930164,91,2,Goal Kick,67.3,1,0,1,Complete,7.0,46.5,72.3,62.9,High Pass,Right Foot
Martin Dúbravka,Slovakia,3930164,95,2,Goal Kick,66.3,1,0,1,Complete,7.0,34.5,68.8,10.5,High Pass,Right Foot
Martin Dúbravka,Slovakia,3930164,97,2,Goal Kick,73.2,1,0,1,Complete,7.0,32.8,77.2,11.9,High Pass,Right Foot
Thomas Strakosha,Albania,3930161,2,1,Goal Kick,65.1,1,0,1,Complete,5.0,39.4,64.4,12.7,High Pass,Right Foot
Thomas Strakosha,Albania,3930161,7,1,Goal Kick,59.5,1,0,1,Complete,6.0,39.5,63.7,25.0,High Pass,Right Foot
Thomas Strakosha,Albania,3930161,14,1,Goal Kick,14.9,0,1,1,Complete,5.8,37.1,9.6,22.7,Ground Pass,Right Foot
Thomas Strakosha,Albania,3930161,18,1,Goal Kick,72.9,1,0,0,Unknown,4.8,38.7,77.5,33.9,High Pass,Right Foot
Thomas Strakosha,Albania,3930161,24,1,Goal Kick,9.0,0,1,1,Complete,6.0,39.8,15.0,39.5,Ground Pass,Right Foot
Thomas Strakosha,Albania,3930161,46,1,Goal Kick,67.8,1,0,0,Incomplete,6.0,39.4,73.1,29.8,High Pass,Right Foot
Thomas Strakosha,Albania,3930161,59,2,Goal Kick,67.5,1,0,1,Complete,6.9,41.3,70.8,63.0,High Pass,Right Foot
Gianluigi Donnarumma,Italy,3930161,90,2,Goal Kick,58.2,1,0,0,Incomplete,5.5,33.0,63.5,27.7,High Pass,Right Foot
Florin Constantin Niţă,Romania,3930183,4,1,Goal Kick,55.8,1,0,1,Complete,7.0,39.0,50.0,3.5,High Pass,Right Foot
Florin Constantin Niţă,Romania,3930183,9,1,Goal Kick,66.8,1,0,1,Complete,7.0,41.6,63.6,77.0,High Pass,Right Foot
Martin Dúbravka,Slovakia,3930183,10,1,Goal Kick,22.8,0,1,1,Complete,6.0,33.6,24.1,19.8,Ground Pass,Right Foot
Martin Dúbravka,Slovakia,3930183,12,1,Goal Kick,19.1,0,1,1,Complete,6.0,42.5,10.4,23.9,Ground Pass,Right Foot
Florin Constantin Niţă,Romania,3930183,22,1,Goal Kick,59.2,1,0,1,Complete,7.0,42.3,52.2,4.0,Low Pass,Right Foot
Florin Constantin Niţă,Romania,3930183,29,1,Goal Kick,62.4,1,0,0,Out,7.0,39.9,55.3,0.4,High Pass,Right Foot
Florin Constantin Niţă,Romania,3930183,31,1,Goal Kick,59.8,1,0,0,Incomplete,6.4,39.8,55.7,73.7,High Pass,Right Foot
Martin Dúbravka,Slovakia,3930183,41,1,Goal Kick,74.5,1,0,0,Incomplete,5.5,43.3,79.4,52.4,High Pass,Right Foot
Martin Dúbravka,Slovakia,3930183,43,1,Goal Kick,82.5,1,0,0,Incomplete,5.6,48.5,87.8,55.8,High Pass,Right Foot
Florin Constantin Niţă,Romania,3930183,43,1,Goal Kick,68.8,1,0,0,Incomplete,6.9,40.4,68.6,10.0,High Pass,Right Foot
Martin Dúbravka,Slovakia,3930183,60,2,Goal Kick,17.5,0,1,1,Complete,7.0,41.1,15.0,25.5,Ground Pass,Right Foot
Florin Constantin Niţă,Romania,3930183,66,2,Goal Kick,47.2,1,0,1,Complete,5.7,35.3,47.3,12.9,High Pass,Right Foot
Florin Constantin Niţă,Romania,3930183,75,2,Goal Kick,60.0,1,0,0,Incomplete,5.8,37.1,61.0,13.6,High Pass,Right Foot
Florin Constantin Niţă,Romania,3930183,79,2,Goal Kick,64.1,1,0,0,Unknown,5.6,43.3,66.7,62.7,High Pass,Right Foot
Florin Constantin Niţă,Romania,3930183,84,2,Goal Kick,66.1,1,0,0,Incomplete,5.0,46.3,70.7,53.3,High Pass,Right Foot
Martin Dúbravka,Slovakia,3930183,86,2,Goal Kick,69.4,1,0,0,Incomplete,6.3,35.5,69.7,7.2,High Pass,Right Foot
Florin Constantin Niţă,Romania,3930183,90,2,Goal Kick,68.5,1,0,0,Incomplete,4.5,44.1,71.9,56.2,High Pass,Right Foot
Martin Dúbravka,Slovakia,3930183,92,2,Goal Kick,65.7,1,0,0,Incomplete,5.5,36.0,69.0,19.2,High Pass,Right Foot
Florin Constantin Niţă,Romania,3930183,94,2,Goal Kick,53.2,1,0,0,Unknown,6.0,45.9,58.7,38.6,High Pass,Right Foot
Koen Casteels,Belgium,3930175,2,1,Goal Kick,12.7,0,1,1,Complete,6.0,41.4,5.9,28.7,Ground Pass,Right Foot
Koen Casteels,Belgium,3930175,5,1,Goal Kick,71.6,1,0,0,Incomplete,6.0,41.3,72.0,69.0,High Pass,Right Foot
Florin Constantin Niţă,Romania,3930175,14,1,Goal Kick,51.2,1,0,0,Out,6.9,43.7,34.6,0.6,High Pass,Right Foot
Florin Constantin Niţă,Romania,3930175,18,1,Goal Kick,69.7,1,0,0,Incomplete,7.0,41.1,76.5,35.6,High Pass,Right Foot
Florin Constantin Niţă,Romania,3930175,40,1,Goal Kick,62.5,1,0,0,Incomplete,6.5,37.0,62.7,9.6,High Pass,Right Foot
Koen Casteels,Belgium,3930175,45,1,Goal Kick,68.2,1,0,0,Incomplete,5.9,41.7,74.0,38.2,High Pass,Left Foot
Koen Casteels,Belgium,3930175,47,2,Goal Kick,70.6,1,0,1,Complete,7.0,43.8,77.5,46.8,High Pass,Left Foot
Florin Constantin Niţă,Romania,3930175,49,2,Goal Kick,37.9,1,0,0,Incomplete,6.0,38.4,31.7,10.6,High Pass,Right Foot
Florin Constantin Niţă,Romania,3930175,52,2,Goal Kick,58.7,1,0,1,Complete,4.8,40.8,63.2,34.6,Ground Pass,Right Foot
Koen Casteels,Belgium,3930175,56,2,Goal Kick,69.8,1,0,0,Incomplete,7.0,41.5,76.4,48.5,High Pass,Left Foot
Florin Constantin Niţă,Romania,3930175,62,2,Goal Kick,10.5,0,1,1,Complete,6.0,39.3,10.3,48.9,High Pass,Right Foot
Florin Constantin Niţă,Romania,3930175,67,2,Goal Kick,62.0,1,0,1,Complete,5.6,38.4,63.6,16.4,High Pass,Right Foot
Koen Casteels,Belgium,3930175,74,2,Goal Kick,73.6,1,0,0,Incomplete,5.2,43.4,76.8,60.5,High Pass,Right Foot
Koen Casteels,Belgium,3930175,83,2,Goal Kick,81.4,1,0,0,Unknown,6.9,44.0,88.0,51.1,High Pass,Left Foot
Florin Constantin Niţă,Romania,3930175,84,2,Goal Kick,37.2,1,0,1,Complete,6.0,39.5,17.6,4.2,Ground Pass,Right Foot
Florin Constantin Niţă,Romania,3930175,87,2,Goal Kick,73.0,1,0,0,Incomplete,5.6,36.7,73.2,64.3,High Pass,Right Foot
Angus Gunn,Scotland,3930158,3,1,Goal Kick,88.5,1,0,0,Incomplete,6.0,43.1,94.3,49.7,High Pass,Right Foot
Manuel Neuer,Germany,3930158,20,1,Goal Kick,24.0,0,1,1,Complete,7.0,41.5,22.8,23.4,Ground Pass,Right Foot
Angus Gunn,Scotland,3930158,52,2,Goal Kick,70.6,1,0,1,Complete,7.0,44.2,73.3,68.4,High Pass,Right Foot
Angus Gunn,Scotland,3930158,57,2,Goal Kick,71.1,1,0,1,Complete,6.8,42.9,71.6,72.2,High Pass,Right Foot
Angus Gunn,Scotland,3930158,60,2,Goal Kick,69.8,1,0,0,Incomplete,6.8,44.0,72.6,67.4,High Pass,Right Foot
Angus Gunn,Scotland,3930158,66,2,Goal Kick,76.9,1,0,0,Unknown,6.8,44.7,77.3,75.5,High Pass,Right Foot
Manuel Neuer,Germany,3930158,69,2,Goal Kick,4.5,0,1,1,Complete,5.7,45.3,10.1,44.4,Ground Pass,Right Foot
Angus Gunn,Scotland,3930158,70,2,Goal Kick,82.5,1,0,1,Complete,7.0,44.9,82.7,77.7,High Pass,Right Foot
Angus Gunn,Scotland,3930158,80,2,Goal Kick,68.1,1,0,0,Incomplete,7.0,43.7,73.2,59.7,High Pass,Right Foot
Angus Gunn,Scotland,3930158,81,2,Goal Kick,74.9,1,0,0,Incomplete,7.0,38.7,79.5,20.0,High Pass,Right Foot
Angus Gunn,Scotland,3930158,85,2,Goal Kick,74.6,1,0,0,Incomplete,7.0,35.9,77.1,10.5,High Pass,Right Foot
Angus Gunn,Scotland,3930158,85,2,Goal Kick,71.6,1,0,1,Complete,6.5,39.0,71.6,9.2,High Pass,Right Foot
